C,o,n,f,i,g,u,r,a,t,i,o,n
20_1_20_1
20_1_20_2
20_1_20_3
20_1_20_4
20_1_20_5
20_1_20_6
20_1_20_7
20_1_20_8
20_1_20_9
20_1_20_10
20_1_100_1
20_1_100_2
20_1_100_3
20_1_100_4
20_1_100_5
20_1_100_6
20_1_100_7
20_1_100_8
20_1_100_9
20_1_100_10
20_1_500_1
20_1_500_2
20_1_500_3
20_1_500_4
20_1_500_5
20_1_500_6
20_1_500_7
20_1_500_8
20_1_500_9
20_1_500_10
20_1_1000_1
20_1_1000_2
20_1_1000_3
20_1_1000_4
20_1_1000_5
20_1_1000_6
20_1_1000_7
20_1_1000_8
20_1_1000_9
20_1_1000_10
20_2_20_1
20_2_20_2
20_2_20_3
20_2_20_4
20_2_20_5
20_2_20_6
20_2_20_7
20_2_20_8
20_2_20_9
20_2_20_10
20_2_100_1
20_2_100_2
20_2_100_3
20_2_100_4
20_2_100_5
20_2_100_6
20_2_100_7
20_2_100_8
20_2_100_9
20_2_100_10
20_2_500_1
20_2_500_2
20_2_500_3
20_2_500_4
20_2_500_5
20_2_500_6
20_2_500_7
20_2_500_8
20_2_500_9
20_2_500_10
20_2_1000_1
20_2_1000_2
20_2_1000_3
20_2_1000_4
20_2_1000_5
20_2_1000_6
20_2_1000_7
20_2_1000_8
20_2_1000_9
20_2_1000_10
20_5_20_1
20_5_20_2
20_5_20_3
20_5_20_4
20_5_20_5
20_5_20_6
20_5_20_7
20_5_20_8
20_5_20_9
20_5_20_10
20_5_100_1
20_5_100_2
20_5_100_3
20_5_100_4
20_5_100_5
20_5_100_6
20_5_100_7
20_5_100_8
20_5_100_9
20_5_100_10
20_5_500_1
20_5_500_2
20_5_500_3
20_5_500_4
20_5_500_5
20_5_500_6
20_5_500_7
20_5_500_8
20_5_500_9
20_5_500_10
20_5_1000_1
20_5_1000_2
20_5_1000_3
20_5_1000_4
20_5_1000_5
20_5_1000_6
20_5_1000_7
20_5_1000_8
20_5_1000_9
20_5_1000_10
20_10_20_1
20_10_20_2
20_10_20_3
20_10_20_4
20_10_20_5
20_10_20_6
20_10_20_7
20_10_20_8
20_10_20_9
20_10_20_10
20_10_100_1
20_10_100_2
20_10_100_3
20_10_100_4
20_10_100_5
20_10_100_6
20_10_100_7
20_10_100_8
20_10_100_9
20_10_100_10
20_10_500_1
20_10_500_2
20_10_500_3
20_10_500_4
20_10_500_5
20_10_500_6
20_10_500_7
20_10_500_8
20_10_500_9
20_10_500_10
20_10_1000_1
20_10_1000_2
20_10_1000_3
20_10_1000_4
20_10_1000_5
20_10_1000_6
20_10_1000_7
20_10_1000_8
20_10_1000_9
20_10_1000_10
40_1_20_1
40_1_20_2
40_1_20_3
40_1_20_4
40_1_20_5
40_1_20_6
40_1_20_7
40_1_20_8
40_1_20_9
40_1_20_10
40_1_100_1
40_1_100_2
40_1_100_3
40_1_100_4
40_1_100_5
40_1_100_6
40_1_100_7
40_1_100_8
40_1_100_9
40_1_100_10
40_1_500_1
40_1_500_2
40_1_500_3
40_1_500_4
40_1_500_5
40_1_500_6
40_1_500_7
40_1_500_8
40_1_500_9
40_1_500_10
40_1_1000_1
40_1_1000_2
40_1_1000_3
40_1_1000_4
40_1_1000_5
40_1_1000_6
40_1_1000_7
40_1_1000_8
40_1_1000_9
40_1_1000_10
40_2_20_1
40_2_20_2
40_2_20_3
40_2_20_4
40_2_20_5
40_2_20_6
40_2_20_7
40_2_20_8
40_2_20_9
40_2_20_10
40_2_100_1
40_2_100_2
40_2_100_3
40_2_100_4
40_2_100_5
40_2_100_6
40_2_100_7
40_2_100_8
40_2_100_9
40_2_100_10
40_2_500_1
40_2_500_2
40_2_500_3
40_2_500_4
40_2_500_5
40_2_500_6
40_2_500_7
40_2_500_8
40_2_500_9
40_2_500_10
40_2_1000_1
40_2_1000_2
40_2_1000_3
40_2_1000_4
40_2_1000_5
40_2_1000_6
40_2_1000_7
40_2_1000_8
40_2_1000_9
40_2_1000_10
40_5_20_1
40_5_20_2
40_5_20_3
40_5_20_4
40_5_20_5
40_5_20_6
40_5_20_7
40_5_20_8
40_5_20_9
40_5_20_10
40_5_100_1
40_5_100_2
40_5_100_3
40_5_100_4
40_5_100_5
40_5_100_6
40_5_100_7
40_5_100_8
40_5_100_9
40_5_100_10
40_5_500_1
40_5_500_2
40_5_500_3
40_5_500_4
40_5_500_5
40_5_500_6
40_5_500_7
40_5_500_8
40_5_500_9
40_5_500_10
40_5_1000_1
40_5_1000_2
40_5_1000_3
40_5_1000_4
40_5_1000_5
40_5_1000_6
40_5_1000_7
40_5_1000_8
40_5_1000_9
40_5_1000_10
40_10_20_1
40_10_20_2
40_10_20_3
40_10_20_4
40_10_20_5
40_10_20_6
40_10_20_7
40_10_20_8
40_10_20_9
40_10_20_10
40_10_100_1
40_10_100_2
40_10_100_3
40_10_100_4
40_10_100_5
40_10_100_6
40_10_100_7
40_10_100_8
40_10_100_9
40_10_100_10
40_10_500_1
40_10_500_2
40_10_500_3
40_10_500_4
40_10_500_5
40_10_500_6
40_10_500_7
40_10_500_8
40_10_500_9
40_10_500_10
40_10_1000_1
40_10_1000_2
40_10_1000_3
40_10_1000_4
40_10_1000_5
40_10_1000_6
40_10_1000_7
40_10_1000_8
40_10_1000_9
40_10_1000_10
60_1_20_1
60_1_20_2
60_1_20_3
60_1_20_4
60_1_20_5
60_1_20_6
60_1_20_7
60_1_20_8
60_1_20_9
60_1_20_10
60_1_100_1
60_1_100_2
60_1_100_3
60_1_100_4
60_1_100_5
60_1_100_6
60_1_100_7
60_1_100_8
60_1_100_9
60_1_100_10
60_1_500_1
60_1_500_2
60_1_500_3
60_1_500_4
60_1_500_5
60_1_500_6
60_1_500_7
60_1_500_8
60_1_500_9
60_1_500_10
60_1_1000_1
60_1_1000_2
60_1_1000_3
60_1_1000_4
60_1_1000_5
60_1_1000_6
60_1_1000_7
60_1_1000_8
60_1_1000_9
60_1_1000_10
60_2_20_1
60_2_20_2
60_2_20_3
60_2_20_4
60_2_20_5
60_2_20_6
60_2_20_7
60_2_20_8
60_2_20_9
60_2_20_10
60_2_100_1
60_2_100_2
60_2_100_3
60_2_100_4
60_2_100_5
60_2_100_6
60_2_100_7
60_2_100_8
60_2_100_9
60_2_100_10
60_2_500_1
60_2_500_2
60_2_500_3
60_2_500_4
60_2_500_5
60_2_500_6
60_2_500_7
60_2_500_8
60_2_500_9
60_2_500_10
60_2_1000_1
60_2_1000_2
60_2_1000_3
60_2_1000_4
60_2_1000_5
60_2_1000_6
60_2_1000_7
60_2_1000_8
60_2_1000_9
60_2_1000_10
60_5_20_1
60_5_20_2
60_5_20_3
60_5_20_4
60_5_20_5
60_5_20_6
60_5_20_7
60_5_20_8
60_5_20_9
60_5_20_10
60_5_100_1
60_5_100_2
60_5_100_3
60_5_100_4
60_5_100_5
60_5_100_6
60_5_100_7
60_5_100_8
60_5_100_9
60_5_100_10
60_5_500_1
60_5_500_2
60_5_500_3
60_5_500_4
60_5_500_5
60_5_500_6
60_5_500_7
60_5_500_8
60_5_500_9
60_5_500_10
60_5_1000_1
60_5_1000_2
60_5_1000_3
60_5_1000_4
60_5_1000_5
60_5_1000_6
60_5_1000_7
60_5_1000_8
60_5_1000_9
60_5_1000_10
60_10_20_1
60_10_20_2
60_10_20_3
60_10_20_4
60_10_20_5
60_10_20_6
60_10_20_7
60_10_20_8
60_10_20_9
60_10_20_10
60_10_100_1
60_10_100_2
60_10_100_3
60_10_100_4
60_10_100_5
60_10_100_6
60_10_100_7
60_10_100_8
60_10_100_9
60_10_100_10
60_10_500_1
60_10_500_2
60_10_500_3
60_10_500_4
60_10_500_5
60_10_500_6
60_10_500_7
60_10_500_8
60_10_500_9
60_10_500_10
60_10_1000_1
60_10_1000_2
60_10_1000_3
60_10_1000_4
60_10_1000_5
60_10_1000_6
60_10_1000_7
60_10_1000_8
60_10_1000_9
60_10_1000_10
100_1_20_1
100_1_20_2
100_1_20_3
100_1_20_4
100_1_20_5
100_1_20_6
100_1_20_7
100_1_20_8
100_1_20_9
100_1_20_10
100_1_100_1
100_1_100_2
100_1_100_3
100_1_100_4
100_1_100_5
100_1_100_6
100_1_100_7
100_1_100_8
100_1_100_9
100_1_100_10
100_1_500_1
100_1_500_2
100_1_500_3
100_1_500_4
100_1_500_5
100_1_500_6
100_1_500_7
100_1_500_8
100_1_500_9
100_1_500_10
100_1_1000_1
100_1_1000_2
100_1_1000_3
100_1_1000_4
100_1_1000_5
100_1_1000_6
100_1_1000_7
100_1_1000_8
100_1_1000_9
100_1_1000_10
100_2_20_1
100_2_20_2
100_2_20_3
100_2_20_4
100_2_20_5
100_2_20_6
100_2_20_7
100_2_20_8
100_2_20_9
100_2_20_10
100_2_100_1
100_2_100_2
100_2_100_3
100_2_100_4
100_2_100_5
100_2_100_6
100_2_100_7
100_2_100_8
100_2_100_9
100_2_100_10
100_2_500_1
100_2_500_2
100_2_500_3
100_2_500_4
100_2_500_5
100_2_500_6
100_2_500_7
100_2_500_8
100_2_500_9
100_2_500_10
100_2_1000_1
100_2_1000_2
100_2_1000_3
100_2_1000_4
100_2_1000_5
100_2_1000_6
100_2_1000_7
100_2_1000_8
100_2_1000_9
100_2_1000_10
100_5_20_1
100_5_20_2
100_5_20_3
100_5_20_4
100_5_20_5
100_5_20_6
100_5_20_7
100_5_20_8
100_5_20_9
100_5_20_10
100_5_100_1
100_5_100_2
100_5_100_3
100_5_100_4
100_5_100_5
100_5_100_6
100_5_100_7
100_5_100_8
100_5_100_9
100_5_100_10
100_5_500_1
100_5_500_2
100_5_500_3
100_5_500_4
100_5_500_5
100_5_500_6
100_5_500_7
100_5_500_8
100_5_500_9
100_5_500_10
100_5_1000_1
100_5_1000_2
100_5_1000_3
100_5_1000_4
100_5_1000_5
100_5_1000_6
100_5_1000_7
100_5_1000_8
100_5_1000_9
100_5_1000_10
100_10_20_1
100_10_20_2
100_10_20_3
100_10_20_4
100_10_20_5
100_10_20_6
100_10_20_7
100_10_20_8
100_10_20_9
100_10_20_10
100_10_100_1
100_10_100_2
100_10_100_3
100_10_100_4
100_10_100_5
100_10_100_6
100_10_100_7
100_10_100_8
100_10_100_9
100_10_100_10
100_10_500_1
100_10_500_2
100_10_500_3
100_10_500_4
100_10_500_5
100_10_500_6
100_10_500_7
100_10_500_8
100_10_500_9
100_10_500_10
100_10_1000_1
100_10_1000_2
100_10_1000_3
100_10_1000_4
100_10_1000_5
100_10_1000_6
100_10_1000_7
100_10_1000_8
100_10_1000_9
100_10_1000_10
