RCMC,,RCWMC,,WPCM-1,,WPCM-2,,UPCM,,WUPCM1-TCM,,WUPCM2-TCM,,MGMM,,MRCPM,,VAM,,KSAM,,RAM,,MDM,,SDM,,MT,,JHM,,,
TCM,TOCM,TCM,TOCM,TCM,TOCM,TCM,TOCM,TCM,TOCM,TCM,TOCM,TCM,TOCM,TCM,TOCM,TCM,TOCM,TCM,TOCM,TCM,TOCM,TCM,TOCM,TCM,TOCM,TCM,TOCM,TCM-MT,TOCM-MT,TCM,TOCM,,
13,13,12,19,7,8,23,23,26,23,3,3,17,9,18,20,10,10,1,2,32,31,21,21,27,28,16,13,5,5,29,29,,
18,18,7,1,7,2,14,14,14,14,6,4,29,29,24,13,9,9,5,3,31,32,28,25,23,26,20,27,11,11,21,21,,
17,17,29,29,13,8,1,9,1,9,7,14,11,11,23,27,19,5,4,3,32,31,28,26,15,15,21,21,19,5,24,24,,
22,21,16,16,14,12,10,4,10,4,3,6,1,1,9,13,24,15,7,7,32,31,20,19,25,25,27,28,23,18,29,29,,
24,27,9,9,6,3,11,7,11,7,14,13,4,4,19,26,17,20,2,1,32,31,30,29,15,15,25,28,17,23,21,21,,
29,29,9,9,13,14,1,5,1,5,8,7,3,3,11,11,28,20,16,15,32,31,17,25,22,22,24,18,21,19,26,26,,
25,25,4,10,3,1,5,7,5,7,9,12,23,23,18,22,15,15,11,2,32,31,21,27,28,20,19,17,13,13,29,29,,
27,24,13,12,13,2,19,6,19,6,15,3,23,22,18,11,9,9,4,1,31,32,25,30,26,21,17,16,5,8,28,28,,
23,23,9,12,8,19,1,6,1,6,21,20,3,3,18,10,5,13,22,14,32,31,28,25,29,29,15,17,16,11,26,26,,
25,25,11,13,6,8,4,2,4,2,15,15,9,9,14,28,23,23,7,1,32,31,21,22,20,27,17,12,18,18,29,29,,
22,22,12,12,11,24,2,3,1,9,4,25,16,16,10,19,20,15,5,5,32,31,28,18,7,7,27,26,21,14,29,29,,
10,10,3,3,25,18,15,12,15,12,14,22,1,1,6,7,23,19,26,21,32,31,5,17,8,8,28,27,24,19,29,29,,
22,23,13,16,18,17,8,1,8,1,26,15,19,14,10,11,6,6,3,12,31,32,28,27,20,20,24,25,4,4,29,29,,
28,21,5,6,14,1,23,16,23,16,9,10,3,3,7,7,19,19,11,2,32,31,22,18,26,25,15,27,12,12,29,29,,
29,17,12,23,27,20,3,10,3,6,18,11,3,24,7,9,15,13,2,8,32,1,19,30,21,25,31,22,16,13,26,28,,
25,25,18,2,13,13,3,5,3,5,11,11,17,1,10,7,15,15,8,9,31,32,24,23,27,27,22,21,19,19,29,29,,
3,3,1,1,22,5,19,15,19,15,13,21,10,10,14,12,29,27,5,5,31,32,17,17,8,8,23,24,30,27,25,25,,
27,22,4,4,20,16,6,8,6,8,8,17,1,1,14,11,12,18,3,15,32,31,21,26,23,23,25,28,12,18,29,29,,
3,7,8,8,28,4,10,22,10,22,19,25,20,20,24,2,14,5,1,12,32,31,18,17,29,29,27,26,13,5,15,15,,
21,8,7,6,19,5,14,14,14,14,4,3,11,11,18,30,13,20,2,1,32,26,25,29,23,31,22,24,9,9,27,27,,
28,29,7,7,20,19,9,23,10,15,26,6,17,17,27,1,2,12,11,5,24,16,25,30,21,21,14,4,2,12,31,31,,
20,20,9,9,11,2,23,7,23,14,25,25,5,5,1,8,18,13,3,3,19,27,22,28,15,15,30,29,17,12,31,31,,
28,19,1,2,12,10,22,15,22,15,11,21,6,6,17,13,14,18,4,24,20,27,3,5,32,31,26,25,8,8,29,29,,
30,29,1,1,11,9,22,15,14,12,8,7,5,5,16,19,23,10,4,3,31,32,20,20,17,17,28,27,23,13,25,25,,
14,14,5,5,26,7,10,8,17,4,27,25,2,2,13,9,19,16,21,1,28,32,11,11,30,30,29,24,20,18,22,22,,
23,22,9,5,8,6,4,2,15,2,7,11,24,24,19,20,17,17,1,10,21,14,32,31,16,26,30,27,12,12,28,28,,
18,26,1,1,5,4,13,27,21,20,19,28,22,22,3,12,7,10,8,9,17,16,14,15,29,29,31,32,6,10,24,24,,
5,25,16,24,19,19,17,8,17,2,21,13,3,3,6,1,9,9,22,7,23,15,14,26,30,28,27,29,9,9,31,31,,
29,32,15,15,18,18,7,13,8,11,17,12,27,27,6,5,9,9,4,3,20,21,14,23,24,22,30,31,1,1,25,25,,
23,20,21,11,4,4,16,17,15,19,7,18,9,14,12,3,8,6,10,13,22,25,30,26,28,24,27,29,1,1,31,31,,
28,24,13,20,8,6,22,21,27,19,7,10,25,26,4,15,9,3,12,14,11,18,31,31,5,17,23,16,1,1,29,29,,
22,24,20,10,12,19,5,2,4,2,11,1,23,25,7,8,17,17,6,9,27,26,32,31,13,14,28,21,15,15,29,29,,
28,20,15,1,13,5,9,16,17,4,24,8,26,26,10,14,3,2,25,18,23,19,6,6,30,29,22,21,11,11,31,31,,
9,11,2,12,14,14,3,1,10,4,20,7,21,21,6,5,16,16,13,7,29,25,23,23,30,26,27,28,16,16,31,31,,
12,20,17,11,7,7,5,2,25,3,9,10,6,16,21,28,13,23,1,4,22,27,14,14,32,24,29,26,18,18,30,30,,
16,26,6,7,30,4,21,5,13,12,3,2,9,9,15,14,17,19,11,1,22,25,24,23,31,31,29,8,17,19,27,27,,
24,26,25,22,15,15,3,4,1,5,21,14,19,19,13,2,12,18,6,7,17,9,27,28,23,8,30,29,10,10,31,31,,
32,30,14,7,23,23,13,18,16,9,11,8,28,28,17,6,2,2,10,1,12,20,27,31,21,21,19,15,4,4,25,25,,
20,14,5,5,2,18,12,12,8,7,8,8,3,3,19,17,23,30,1,11,21,26,27,22,15,15,29,28,32,30,24,24,,
18,18,4,4,20,13,11,7,14,11,15,8,1,1,10,6,23,26,9,3,27,28,21,22,16,16,30,29,24,25,31,31,,
1,1,1,1,13,13,15,15,15,15,25,26,1,1,1,1,19,21,23,24,32,31,1,1,1,1,27,27,19,21,29,29,,
1,1,1,1,22,22,25,25,25,25,17,24,1,1,9,12,21,18,14,13,31,32,9,9,1,1,16,15,20,18,29,29,,
1,1,1,1,13,14,21,21,21,21,26,26,1,1,1,1,17,19,25,28,31,32,1,1,1,1,15,15,17,20,29,29,,
1,1,1,1,16,18,20,20,20,20,14,17,1,1,1,1,27,30,15,13,32,31,1,1,1,1,25,25,24,19,28,28,,
1,1,1,1,15,15,21,21,21,21,17,17,1,1,1,1,26,25,13,13,31,32,1,1,1,1,30,27,29,28,19,19,,
7,7,1,1,14,13,27,29,27,29,21,21,1,1,1,1,20,15,23,24,31,32,7,7,7,7,18,19,17,15,25,25,,
1,1,1,1,21,21,17,13,17,13,15,15,1,1,1,1,23,25,20,19,32,31,1,1,1,1,28,27,23,25,29,29,,
1,1,1,1,27,27,19,21,19,21,26,23,1,1,1,1,17,13,23,23,32,31,1,1,1,1,16,13,17,13,29,29,,
9,9,1,1,27,27,23,18,23,18,26,25,1,1,5,6,13,21,15,15,32,31,7,8,9,9,17,20,14,21,29,29,,
7,7,1,1,16,16,22,20,22,20,27,28,1,1,11,11,18,15,13,14,32,31,5,6,7,7,24,24,18,26,29,29,,
3,3,11,11,18,17,26,24,26,24,14,15,1,1,3,3,20,22,16,13,31,32,3,3,9,9,23,30,20,19,28,28,,
7,7,3,3,27,25,19,17,19,17,23,24,1,1,7,7,13,13,21,22,32,31,11,12,5,5,28,26,13,13,29,29,,
9,9,1,1,14,13,29,22,29,22,25,26,1,1,5,5,18,16,20,15,32,31,7,8,9,9,21,24,18,17,27,27,,
5,5,1,1,24,24,27,27,27,27,19,20,1,1,5,5,15,17,13,13,32,31,5,5,5,5,23,26,15,17,21,21,,
1,1,1,1,17,17,21,25,21,26,19,19,1,1,1,1,15,13,23,24,31,32,1,1,1,1,28,27,15,13,29,29,,
9,9,1,1,22,20,15,23,15,24,14,21,1,1,7,7,25,18,17,13,32,31,6,5,11,11,27,27,25,19,29,29,,
1,1,1,1,21,22,30,29,24,25,13,15,1,1,1,1,17,19,14,16,31,32,1,1,1,1,26,23,17,19,27,27,,
1,1,1,1,22,24,27,31,27,31,17,17,1,1,1,1,15,13,19,19,30,29,1,1,1,1,23,21,15,13,25,25,,
1,1,1,1,16,15,27,23,27,23,25,25,1,1,1,1,13,17,21,21,31,32,1,12,1,1,20,19,13,17,29,29,,
1,1,1,1,27,25,17,22,17,21,28,19,1,1,1,1,23,15,26,20,32,29,1,1,1,1,13,14,23,15,30,30,,
7,7,1,1,22,16,15,12,21,14,29,27,3,3,11,13,17,25,24,28,23,32,5,5,9,9,30,31,17,25,19,19,,
7,7,3,3,16,15,22,5,26,14,24,23,1,1,9,6,18,20,27,17,31,32,12,12,10,10,28,25,18,20,29,29,,
1,1,1,1,30,25,19,13,18,14,17,15,1,1,1,1,21,21,20,16,27,26,1,1,1,1,29,28,21,24,31,31,,
7,7,1,1,20,20,15,13,16,13,19,18,1,1,11,12,22,24,26,17,27,28,1,1,7,7,29,30,22,24,31,31,,
1,1,1,1,19,19,15,14,16,13,21,18,1,1,1,1,22,25,24,17,28,29,1,1,1,1,32,27,22,25,30,30,,
5,5,1,1,18,17,15,13,16,14,24,23,1,1,9,12,29,31,19,19,26,25,5,5,9,9,21,22,29,31,27,27,,
1,1,1,1,19,18,15,13,15,14,24,20,1,1,1,12,21,25,22,17,30,29,1,1,1,1,28,27,23,25,31,31,,
5,5,1,1,17,15,16,13,18,14,19,23,1,1,9,9,25,27,20,21,29,30,11,11,5,5,24,22,25,27,31,31,,
4,4,4,4,22,22,15,13,19,14,26,17,2,2,1,12,20,24,16,18,27,28,10,10,8,8,31,32,20,24,29,29,,
1,1,1,1,16,15,18,13,24,14,19,20,1,1,1,12,22,21,17,26,27,32,1,1,1,1,31,28,22,25,29,29,,
1,1,1,1,21,22,1,1,17,1,19,1,1,1,16,18,23,25,19,1,29,30,1,1,1,1,28,27,23,25,31,31,,
3,3,3,3,19,26,12,12,12,12,22,16,3,3,3,18,20,24,22,16,28,30,3,3,1,1,29,27,20,24,31,31,,
14,14,8,8,21,26,4,3,4,4,19,18,1,1,7,11,24,22,19,10,27,30,14,14,12,12,28,28,24,23,31,31,,
8,13,1,1,22,19,14,7,18,14,21,5,1,1,17,16,23,25,20,5,27,28,9,9,11,11,29,32,23,25,30,30,,
11,11,11,11,26,21,3,3,3,3,17,20,1,1,7,10,24,22,17,19,30,27,11,11,8,8,28,29,24,22,31,31,,
1,1,1,1,22,19,15,15,18,15,20,13,1,1,1,1,26,24,20,13,29,28,1,1,1,1,32,23,26,24,30,30,,
7,7,1,1,24,21,11,5,11,5,20,18,1,1,13,16,25,22,19,17,27,27,7,7,14,14,32,31,25,22,29,29,,
1,1,1,1,26,21,1,1,15,1,19,17,1,1,1,16,24,22,19,17,29,30,1,1,1,1,27,28,24,23,31,31,,
1,1,1,1,22,21,12,1,16,12,16,16,1,1,12,15,23,28,16,16,29,30,1,1,1,1,25,26,23,27,31,31,,
14,14,11,11,27,30,4,1,9,4,18,6,10,11,20,8,25,28,18,6,21,29,14,14,2,2,23,22,24,26,31,31,,
1,1,1,1,20,19,29,27,29,27,21,24,1,1,1,1,15,17,22,23,31,31,1,1,1,1,13,14,15,17,25,25,,
1,1,1,1,20,21,25,25,30,25,23,23,1,1,1,1,14,16,18,18,32,31,1,1,1,1,13,22,14,16,28,28,,
1,1,1,1,13,14,21,21,21,21,25,25,1,1,1,1,17,17,25,25,32,31,1,1,1,1,15,15,17,17,29,29,,
1,1,1,1,29,30,15,15,15,15,25,25,1,1,1,1,21,19,23,23,31,32,1,1,1,1,13,13,21,19,27,27,,
1,1,1,1,13,13,27,27,27,27,20,20,1,1,1,1,15,15,20,20,32,31,1,1,1,1,19,24,15,15,25,25,,
1,1,1,1,30,29,19,19,19,19,23,23,1,1,1,1,16,13,25,25,27,27,1,1,1,1,14,14,16,16,31,31,,
1,1,1,1,14,13,19,21,19,21,15,15,1,1,1,1,27,23,15,15,32,29,1,1,1,1,23,23,27,23,30,30,,
1,1,1,1,15,15,27,25,27,25,29,29,1,1,1,1,19,17,24,23,31,31,1,1,1,1,13,13,19,17,21,21,,
1,1,1,1,19,20,25,25,25,25,23,23,1,1,1,1,15,15,21,21,31,31,1,1,1,1,13,13,15,15,29,29,,
1,1,1,1,23,23,25,25,25,25,18,15,1,1,1,1,21,21,13,13,29,30,1,1,1,1,15,15,18,18,31,31,,
1,1,1,1,23,23,28,13,27,13,30,30,1,1,1,1,19,19,26,25,29,32,1,1,1,1,17,17,19,19,15,15,,
1,1,1,1,13,13,29,15,29,15,25,24,1,1,1,1,18,20,22,22,26,31,1,1,1,1,17,32,18,20,27,27,,
1,1,1,1,27,22,20,16,23,16,31,31,1,1,1,1,14,18,25,25,24,28,1,1,1,1,13,21,14,18,29,29,,
1,1,1,1,24,23,17,13,20,14,25,25,1,1,1,1,15,18,27,27,32,31,1,1,1,1,21,21,15,18,29,29,,
1,1,1,1,16,17,28,13,20,18,23,27,1,1,1,1,14,25,21,21,31,32,1,1,1,1,19,24,14,25,29,29,,
1,1,1,1,17,17,25,13,25,16,27,27,1,1,1,1,20,22,15,14,32,31,1,1,1,1,24,19,20,22,29,29,,
1,1,1,1,18,18,28,13,27,20,16,17,1,1,1,1,21,25,14,14,31,32,1,1,1,1,23,24,21,25,29,29,,
1,1,1,1,23,23,15,13,20,13,25,25,1,1,1,1,16,16,27,27,30,29,1,1,1,1,22,21,16,16,31,31,,
1,1,1,1,20,21,27,19,27,14,24,24,1,1,1,1,17,15,22,22,32,31,1,1,1,1,13,26,17,15,29,29,,
1,1,1,1,21,21,23,13,15,14,25,28,1,1,1,1,17,19,25,25,31,32,1,1,1,1,16,24,17,19,29,29,,
1,1,1,1,28,27,15,13,15,13,22,18,1,1,11,11,23,23,21,18,29,29,1,1,1,1,20,17,23,26,31,31,,
1,1,1,1,22,23,15,13,15,13,19,17,1,1,1,1,25,25,19,17,29,30,1,1,1,1,28,21,24,25,31,31,,
1,1,1,1,19,18,13,13,16,13,27,20,1,1,11,12,31,29,26,17,22,21,1,1,1,1,28,25,31,29,23,23,,
1,1,1,1,21,24,15,14,16,13,20,17,1,1,1,1,25,25,22,17,29,29,1,1,1,1,23,19,25,25,31,31,,
1,1,1,1,25,25,15,13,16,13,23,18,1,1,1,12,19,21,23,17,29,30,1,1,1,1,28,27,19,21,31,31,,
1,1,1,1,26,21,15,1,15,1,19,17,1,1,13,14,24,24,19,17,29,30,1,1,1,1,28,27,22,23,31,31,,
1,1,1,1,24,23,15,1,16,14,30,17,1,1,1,13,19,21,26,18,29,27,1,1,1,1,25,28,19,21,31,31,,
1,1,1,1,30,31,12,12,12,15,29,18,1,1,11,16,20,19,23,17,28,24,1,1,1,1,32,27,20,20,25,25,,
1,1,1,1,30,29,15,13,15,13,31,17,1,1,1,1,24,24,31,17,23,19,1,1,1,1,28,20,24,24,21,21,,
1,1,1,1,29,28,15,13,15,13,27,18,1,1,1,12,20,22,24,17,25,25,1,1,1,1,30,19,20,22,31,31,,
1,1,1,1,22,21,13,1,13,1,18,16,1,1,20,15,25,27,18,16,30,29,1,1,1,1,24,23,25,27,31,31,,
1,1,1,1,26,21,13,1,13,13,19,16,1,1,12,18,24,22,19,16,29,29,1,1,1,1,28,27,24,22,31,31,,
1,1,1,1,22,21,13,11,17,11,18,14,1,1,16,20,27,25,18,14,30,29,1,1,1,1,23,24,27,25,31,31,,
1,1,1,1,22,21,15,1,15,1,15,15,1,1,14,1,24,24,15,15,29,29,1,1,1,1,28,23,24,24,31,31,,
1,1,1,1,22,21,13,1,15,1,19,17,1,1,14,16,25,25,19,17,30,29,1,1,1,1,23,23,25,25,31,31,,
1,1,1,1,21,22,15,1,15,1,19,17,1,1,14,1,27,25,19,17,29,32,1,1,1,1,24,23,27,25,30,30,,
1,1,1,1,24,22,15,13,15,13,19,17,1,1,1,1,27,27,19,17,25,25,1,1,1,1,21,23,27,27,31,31,,
1,1,1,1,22,21,1,1,14,1,18,15,1,1,17,20,23,25,18,15,29,32,1,1,1,1,28,27,23,25,30,30,,
1,1,1,1,24,21,1,1,1,1,19,17,1,1,15,15,25,25,19,17,29,32,1,1,1,1,23,22,25,25,30,30,,
1,1,1,1,23,22,1,1,15,1,18,16,1,1,20,1,25,25,18,16,31,31,1,1,1,1,24,21,25,25,29,29,,
1,1,1,1,13,13,29,15,29,15,29,29,1,1,1,1,21,21,19,19,27,27,1,1,1,1,17,17,21,21,25,25,,
1,1,1,1,15,15,31,21,31,21,23,23,1,1,1,1,17,17,23,23,23,23,1,1,1,1,13,14,17,17,23,23,,
1,1,1,1,15,13,21,31,21,31,21,21,1,1,1,1,17,17,21,21,21,21,1,1,1,1,16,14,17,17,21,21,,
1,1,1,1,21,21,23,19,23,20,23,23,1,1,1,1,13,13,23,23,23,23,1,1,1,1,13,13,13,13,23,23,,
1,1,1,1,13,13,25,21,25,21,27,27,1,1,1,1,17,17,27,27,32,31,1,1,1,1,16,15,17,17,23,23,,
1,1,1,1,15,15,23,13,23,13,23,23,1,1,1,1,19,19,23,23,23,23,1,1,1,1,17,17,19,19,23,23,,
1,1,1,1,27,27,13,23,13,24,13,13,1,1,1,1,13,13,25,25,29,29,1,1,1,1,13,13,13,13,29,29,,
1,1,1,1,13,13,29,15,29,15,31,31,1,1,1,1,17,20,23,23,28,25,1,1,1,1,19,22,17,20,26,26,,
1,1,1,1,13,13,21,31,21,31,21,21,1,1,1,1,15,15,21,21,21,21,1,1,1,1,15,15,15,15,21,21,,
1,1,1,1,27,27,15,13,15,14,18,18,1,1,1,1,18,18,25,25,32,31,1,1,1,1,18,17,18,18,29,29,,
1,1,1,1,18,18,15,13,15,13,29,29,1,1,1,1,20,22,29,29,27,26,1,1,1,1,17,28,20,22,24,24,,
1,1,1,1,23,23,15,13,16,14,26,26,1,1,1,1,17,17,31,31,25,30,1,1,1,1,17,17,17,17,28,28,,
1,1,1,1,21,22,15,13,15,14,27,27,1,1,1,1,17,17,25,25,32,31,1,1,1,1,23,23,17,17,29,29,,
1,1,1,1,23,23,15,13,15,13,25,25,1,1,1,1,17,17,25,25,32,29,1,1,1,1,17,17,17,17,30,30,,
1,1,1,1,27,27,15,13,15,13,29,29,1,1,1,1,19,19,23,23,26,25,1,1,1,1,18,17,19,19,31,31,,
1,1,1,1,17,17,15,13,16,14,29,29,1,1,1,1,19,19,29,29,19,19,1,1,1,1,19,19,19,19,19,19,,
1,1,1,1,17,17,15,13,15,13,27,27,1,1,1,1,25,23,19,19,29,30,1,1,1,1,21,21,25,23,31,31,,
1,1,1,1,25,25,15,13,15,14,27,27,1,1,1,1,19,19,17,17,29,29,1,1,1,1,19,19,19,19,29,29,,
1,1,1,1,21,21,15,13,15,13,29,29,1,1,1,1,17,17,29,29,25,26,1,1,1,1,24,21,17,17,27,27,,
1,1,1,1,23,23,15,13,16,13,27,27,1,1,1,1,19,19,25,25,32,29,1,1,1,1,17,17,19,19,30,30,,
1,1,1,1,27,27,15,13,15,13,25,18,1,1,1,1,21,21,25,18,29,29,1,1,1,1,20,17,21,21,29,29,,
1,1,1,1,28,23,15,12,15,12,20,17,1,1,11,14,24,24,20,17,29,29,1,1,1,1,22,19,24,24,29,29,,
1,1,1,1,23,21,15,1,15,1,28,17,1,1,13,14,24,24,20,17,31,31,1,1,1,1,22,19,24,24,29,29,,
1,1,1,1,23,23,1,1,14,1,20,17,1,1,15,16,28,28,20,17,27,32,1,1,1,1,22,19,28,28,25,25,,
1,1,1,1,27,27,15,1,15,1,19,17,1,1,1,1,22,22,19,17,29,30,1,1,1,1,26,21,22,22,31,31,,
1,1,1,1,27,27,1,1,14,1,25,18,1,1,15,16,21,21,25,18,29,29,1,1,1,1,20,17,21,21,29,29,,
1,1,1,1,23,23,1,1,1,1,21,17,1,1,1,16,25,25,21,17,29,30,1,1,1,1,20,19,25,25,31,31,,
1,1,1,1,27,28,15,13,15,13,20,17,1,1,1,1,22,25,20,17,28,28,1,1,1,1,24,19,22,25,28,28,,
1,1,1,1,24,24,13,13,13,13,26,17,1,1,1,1,20,20,26,17,29,32,1,1,1,1,28,19,20,20,30,30,,
1,1,1,1,27,27,13,11,13,11,20,17,1,1,15,16,24,22,20,17,29,29,1,1,1,1,26,19,24,22,29,29,,
1,1,1,1,22,21,1,1,1,1,19,16,1,1,15,18,29,27,19,16,25,25,1,1,1,1,24,23,29,27,31,31,,
1,1,1,1,28,23,13,1,13,1,15,17,1,1,20,19,24,24,15,17,31,32,1,1,1,1,22,21,24,24,29,29,,
1,1,1,1,23,23,12,11,12,12,19,17,1,1,16,15,27,27,19,17,25,25,1,1,1,1,22,21,27,27,31,31,,
1,1,1,1,22,21,12,1,14,12,15,15,1,1,19,20,25,25,15,15,31,31,1,1,1,1,24,23,25,25,29,29,,
1,1,1,1,23,21,1,1,1,1,19,17,1,1,15,16,25,25,19,17,29,29,1,1,1,1,24,22,25,25,29,29,,
1,1,1,1,22,21,1,1,1,1,17,15,1,1,19,20,25,25,17,15,29,29,1,1,1,1,24,23,25,25,29,29,,
1,1,1,1,22,21,1,1,1,1,19,15,1,1,17,17,25,27,19,15,29,29,1,1,1,1,24,23,25,27,29,29,,
1,1,1,1,24,21,1,1,1,1,19,17,1,1,15,16,27,25,19,17,29,29,1,1,1,1,22,23,27,25,31,31,,
1,1,1,1,24,23,1,1,1,1,18,16,1,1,15,20,25,27,18,16,29,30,1,1,1,1,21,22,25,27,31,31,,
1,1,1,1,24,23,1,1,1,1,19,16,1,1,15,18,25,27,19,16,29,29,1,1,1,1,22,21,25,27,29,29,,
23,23,11,14,9,12,16,13,16,10,2,4,22,21,26,25,7,7,3,1,31,32,15,20,27,27,18,19,5,5,29,29,,
14,14,22,20,18,7,2,5,8,6,11,23,3,4,16,24,12,12,1,17,32,31,27,27,29,30,19,21,9,9,25,25,,
19,19,9,18,7,7,3,3,3,3,12,12,10,10,27,27,14,14,1,1,32,31,29,29,23,23,21,21,16,16,25,25,,
20,20,19,22,17,17,9,9,6,5,25,23,15,15,4,11,12,12,14,3,32,31,7,7,28,24,27,26,1,1,29,29,,
14,14,5,5,4,3,24,26,24,26,17,20,21,21,2,1,7,11,8,9,32,31,10,13,18,18,23,30,16,11,28,28,,
22,22,12,12,20,7,10,4,10,4,3,6,8,8,21,14,18,16,2,1,32,31,28,24,29,29,15,25,18,16,26,26,,
25,23,8,8,2,1,19,17,19,17,6,22,13,13,15,12,3,7,16,11,32,31,28,10,26,26,21,24,3,5,29,29,,
26,26,11,18,14,8,9,6,10,6,13,12,15,3,19,19,16,16,1,2,32,31,21,30,28,28,25,24,4,4,22,22,,
13,13,7,7,11,11,3,3,3,3,9,9,17,17,23,23,19,19,1,1,32,31,29,29,27,27,21,21,15,15,25,25,,
16,16,9,9,25,8,11,23,11,23,13,22,4,4,15,3,28,20,1,1,32,31,14,26,6,6,30,29,27,20,18,18,,
2,2,21,21,24,26,13,19,23,19,12,16,27,27,10,1,6,8,15,11,32,31,30,29,4,4,25,14,7,8,17,17,,
7,7,4,4,23,17,14,21,14,21,24,26,1,1,6,3,27,29,13,16,32,31,12,9,10,10,25,20,27,29,18,18,,
22,23,3,3,25,24,6,8,6,8,18,27,1,1,19,13,21,11,5,10,32,30,16,20,14,14,26,31,17,11,28,28,,
18,16,13,3,9,4,7,5,7,5,10,2,27,27,22,17,23,23,14,1,32,31,15,21,19,20,26,25,11,11,29,29,,
28,25,26,15,16,27,11,1,11,1,5,4,13,13,8,8,23,23,3,10,32,31,19,19,22,18,17,21,6,6,29,29,,
29,19,16,27,18,22,12,3,12,3,20,11,8,8,17,10,5,5,21,7,32,31,14,15,23,26,30,28,1,1,24,24,,
11,13,6,6,14,8,18,19,17,19,26,23,9,9,1,2,21,24,12,5,32,31,3,4,15,15,28,27,21,24,29,29,,
25,25,10,4,11,5,6,8,6,8,1,14,18,18,15,16,20,20,3,2,32,31,17,22,27,24,23,28,12,12,29,29,,
8,8,6,6,1,11,18,4,24,10,21,19,16,16,3,20,22,12,2,5,32,31,25,26,14,14,28,27,22,12,29,29,,
13,9,7,7,12,11,5,4,5,2,20,10,29,29,27,25,17,17,1,3,32,31,19,16,21,21,26,28,14,14,23,23,,
25,27,7,1,8,11,12,5,12,9,10,6,28,28,4,16,17,17,3,2,26,30,32,31,21,21,24,23,14,14,19,19,,
24,31,2,7,12,12,8,3,6,5,9,10,29,29,14,11,17,18,1,4,19,32,27,26,28,25,20,21,15,15,22,22,,
19,32,8,6,20,4,22,2,22,2,17,1,12,15,13,7,18,11,14,5,30,28,29,16,24,31,21,27,9,9,25,25,,
23,27,16,19,15,3,4,1,13,1,9,20,17,17,14,10,7,7,11,12,24,31,22,20,30,32,28,29,5,5,25,25,,
29,21,11,22,18,20,13,10,13,8,17,1,15,15,24,7,9,6,4,5,23,26,12,19,27,27,25,30,2,2,31,31,,
28,28,1,1,3,7,8,15,11,15,12,20,4,4,6,18,26,9,13,13,19,30,23,17,24,24,22,21,26,9,31,31,,
20,20,6,6,16,22,4,15,4,11,3,17,1,1,12,10,23,29,8,8,31,32,13,13,18,18,25,26,24,30,27,27,,
27,28,16,17,12,26,11,10,14,9,19,15,1,1,3,18,5,7,13,20,4,30,29,25,22,22,24,21,5,7,31,31,,
20,21,22,22,5,19,4,3,2,1,7,18,17,12,10,9,13,15,6,8,14,28,24,29,30,30,32,27,11,15,25,25,,
20,19,13,10,12,6,4,8,4,2,7,3,31,32,17,1,18,14,9,11,25,26,27,21,22,30,23,24,14,14,28,28,,
13,13,20,20,12,15,19,16,1,5,3,3,10,10,6,7,31,29,2,22,28,26,23,23,8,8,25,27,32,30,17,17,,
14,13,24,21,19,11,22,4,3,2,20,12,27,27,1,9,5,5,10,17,15,23,26,29,16,18,25,30,5,5,31,31,,
27,27,19,23,5,3,25,15,22,11,16,6,12,12,10,2,20,7,4,14,1,9,31,31,17,17,24,26,20,7,29,29,,
7,13,11,8,10,2,3,1,12,9,17,4,29,30,15,15,24,24,4,4,23,18,14,22,26,19,27,28,20,20,31,31,,
30,31,19,16,10,11,2,1,18,7,4,9,29,28,3,6,12,14,8,5,23,17,21,21,26,26,32,20,13,14,24,24,,
29,29,6,6,20,10,2,1,12,13,9,14,3,3,8,5,15,21,11,23,24,25,26,28,17,17,19,27,15,21,31,31,,
20,10,16,9,18,19,5,6,3,2,7,8,21,21,17,11,12,12,1,4,24,28,25,25,27,23,29,30,12,12,31,31,,
18,17,19,27,20,24,12,14,6,5,28,26,15,7,16,11,8,8,13,4,22,25,10,3,32,29,23,21,1,1,30,30,,
13,18,14,15,10,17,11,12,2,2,6,1,28,27,19,19,16,7,4,4,21,22,25,25,29,29,23,23,7,7,31,31,,
28,27,16,17,15,18,2,5,3,7,6,4,24,21,11,11,13,13,1,8,25,26,22,23,20,19,32,31,9,9,29,29,,
7,7,1,1,27,27,21,21,21,21,26,25,1,1,5,5,15,17,19,19,32,31,7,7,7,7,13,16,14,17,29,29,,
1,1,1,1,29,30,15,13,15,13,19,19,1,1,1,1,21,25,17,17,32,31,1,1,1,1,23,24,21,25,27,27,,
1,1,1,1,18,15,25,27,25,27,21,24,1,1,1,1,16,19,13,13,32,31,1,1,1,1,23,22,16,19,29,29,,
9,9,1,1,13,14,26,24,25,23,16,15,1,1,6,1,17,19,21,22,32,31,7,7,9,9,27,27,17,19,29,29,,
1,1,1,1,19,19,25,25,25,25,24,21,1,1,1,1,13,16,22,22,32,31,1,1,1,1,15,18,13,16,29,29,,
10,10,1,1,16,15,25,25,25,25,24,23,1,1,7,1,19,17,21,22,32,31,10,6,7,7,14,13,19,17,29,29,,
9,9,1,1,21,24,22,17,22,17,25,25,1,1,6,5,15,13,19,19,32,31,6,6,9,9,27,28,15,13,29,29,,
1,1,1,1,14,13,25,25,25,25,18,18,1,1,1,1,23,20,16,15,32,31,1,1,1,1,21,22,23,17,29,29,,
1,1,1,1,22,21,17,19,17,19,27,28,1,1,1,1,13,14,25,24,32,31,1,1,1,1,26,23,15,16,29,29,,
9,9,1,1,18,17,27,29,27,29,15,15,1,1,5,5,22,19,14,13,32,31,7,7,9,9,24,21,22,20,25,25,,
1,1,1,1,25,26,13,30,14,29,21,22,1,1,1,1,16,23,19,18,31,32,1,1,1,1,15,20,16,23,27,27,,
1,1,1,1,26,25,15,14,15,13,24,23,1,1,1,1,18,22,19,17,32,31,1,1,1,1,28,27,20,21,29,29,,
1,1,1,1,19,19,13,27,13,27,15,15,1,1,1,1,29,25,18,17,32,31,1,1,1,1,21,26,29,24,22,22,,
1,1,1,1,14,13,27,28,26,29,17,17,1,1,1,1,21,19,15,15,31,32,1,1,1,1,25,30,21,19,23,23,,
6,6,1,1,24,28,21,25,21,23,15,20,1,1,5,10,13,18,17,16,32,31,10,10,6,6,26,27,13,18,29,29,,
9,9,1,1,19,24,28,18,27,13,29,30,1,1,6,7,25,20,16,16,32,31,8,5,9,9,22,23,25,20,14,14,,
1,1,1,1,24,19,27,13,27,13,26,23,1,1,1,1,15,17,21,22,32,25,1,1,1,1,20,31,15,17,29,29,,
7,7,1,1,15,16,30,25,29,26,19,23,1,1,1,1,21,17,13,13,32,31,11,11,7,7,20,24,21,17,27,27,,
1,1,1,1,30,31,17,15,17,15,26,29,1,1,1,1,23,21,14,13,32,25,1,1,1,1,19,20,23,21,27,27,,
1,1,1,1,17,18,27,19,27,20,15,16,1,1,1,1,21,23,13,13,32,31,1,1,1,1,29,30,21,23,25,25,,
1,1,1,1,18,25,15,14,16,13,29,20,1,1,1,12,26,30,28,19,21,17,1,1,1,1,32,24,27,30,22,22,,
10,10,1,1,21,19,15,9,16,14,27,18,1,1,7,7,24,22,20,17,29,30,5,5,10,10,28,26,24,22,31,31,,
8,8,3,3,17,17,15,5,16,12,26,24,1,1,6,7,19,21,25,23,27,32,14,13,10,10,31,28,19,21,29,29,,
1,1,1,1,20,20,15,14,16,12,22,18,1,1,1,13,27,25,19,17,23,29,1,1,1,1,32,24,27,25,30,30,,
1,1,1,1,23,24,14,12,16,12,27,18,1,1,11,15,31,28,19,17,20,21,1,1,1,1,22,30,31,28,25,25,,
1,1,1,1,28,24,15,13,16,13,25,23,1,1,11,12,19,17,21,22,31,26,1,1,1,1,32,27,19,17,29,29,,
1,1,1,1,32,28,15,13,15,14,31,25,1,1,9,9,19,17,27,21,26,30,11,11,1,1,29,22,19,17,23,23,,
7,7,1,1,25,27,15,13,16,14,26,20,3,3,11,12,19,22,28,17,29,30,5,5,7,7,21,24,18,22,31,31,,
1,1,1,1,17,18,15,13,15,14,26,27,1,1,11,12,23,21,25,20,29,32,1,1,1,1,28,19,23,21,30,30,,
1,1,1,1,20,22,15,13,16,14,17,18,1,1,11,12,27,29,21,19,31,32,1,1,1,1,24,23,27,29,25,25,,
10,10,1,1,20,19,3,3,6,5,22,21,8,8,18,17,27,24,14,7,29,30,10,10,15,15,26,23,27,24,31,31,,
1,1,1,1,23,21,11,11,11,14,18,15,1,1,17,20,27,25,18,15,29,30,1,1,1,1,24,22,27,26,31,31,,
1,1,1,1,22,21,12,11,14,12,19,15,1,1,17,18,23,25,19,15,27,29,1,1,1,1,28,30,23,25,31,31,,
1,1,1,1,22,19,11,11,14,11,17,15,1,1,21,20,25,23,17,15,32,31,1,1,1,1,28,27,25,23,29,29,,
1,1,1,1,22,21,13,11,14,11,17,15,1,1,19,20,24,26,17,15,29,28,1,1,1,1,23,30,24,26,31,31,,
11,11,5,5,22,21,3,2,4,1,15,13,5,5,20,19,25,27,15,13,29,30,9,9,17,17,24,23,25,27,31,31,,
1,1,1,1,22,21,13,1,14,12,20,15,1,1,18,17,29,27,19,15,25,26,1,1,1,1,24,23,29,27,31,31,,
1,1,1,1,23,21,11,11,14,11,17,15,1,1,20,19,24,27,17,15,26,29,1,1,1,1,30,22,24,27,31,31,,
1,1,1,1,22,21,9,9,9,9,14,14,1,1,13,20,23,25,14,14,29,30,1,1,18,18,28,27,23,25,31,31,,
1,1,1,1,27,21,13,11,14,11,19,16,1,1,15,18,24,22,19,16,30,28,1,1,1,1,29,26,24,22,31,31,,
1,1,1,1,13,13,29,23,29,23,28,27,1,1,1,1,17,17,21,21,32,31,1,1,1,1,15,15,17,17,25,25,,
1,1,1,1,13,13,29,22,29,26,24,24,1,1,1,1,15,19,17,17,31,32,1,1,1,1,23,21,15,19,27,27,,
1,1,1,1,13,13,29,21,29,22,23,23,1,1,1,1,19,17,23,23,31,32,1,1,1,1,16,15,19,17,27,27,,
1,1,1,1,19,19,23,21,23,21,27,27,1,1,1,1,14,16,25,25,31,32,1,1,1,1,13,18,14,16,29,29,,
1,1,1,1,23,24,29,27,29,28,17,17,1,1,1,1,19,19,15,15,31,31,1,1,1,1,14,13,19,19,25,25,,
1,1,1,1,15,15,29,25,29,25,23,23,1,1,1,1,19,17,21,21,32,31,1,1,1,1,13,13,19,17,27,27,,
1,1,1,1,23,23,14,26,14,26,21,21,1,1,1,1,18,16,28,25,32,31,1,1,1,1,13,20,18,16,29,29,,
1,1,1,1,21,21,29,25,29,25,23,23,1,1,1,1,13,15,19,20,32,31,1,1,1,1,17,17,13,15,27,27,,
1,1,1,1,29,30,28,18,27,18,23,23,1,1,1,1,14,16,21,21,32,31,1,1,1,1,13,20,14,16,25,25,,
1,1,1,1,13,14,29,27,29,27,26,25,1,1,1,1,16,18,21,21,31,31,1,1,1,1,15,20,16,18,23,23,,
1,1,1,1,26,26,15,13,16,14,23,22,1,1,1,1,18,20,24,24,32,31,1,1,1,1,17,28,18,20,29,29,,
1,1,1,1,16,16,15,13,18,14,24,21,1,1,1,1,22,25,19,19,31,32,1,1,1,1,28,27,22,25,29,29,,
1,1,1,1,25,25,16,13,15,13,19,19,1,1,1,1,21,23,17,17,29,30,1,1,1,1,27,28,21,23,31,31,,
1,1,1,1,22,21,17,13,18,14,25,25,1,1,1,1,15,19,24,23,32,31,1,1,1,1,27,28,15,19,29,29,,
1,1,1,1,20,18,17,13,19,14,21,21,1,1,1,1,25,23,15,15,32,31,1,1,1,1,27,28,25,23,29,29,,
1,1,1,1,17,18,15,13,15,13,26,25,1,1,1,1,21,23,27,27,29,32,1,1,1,1,19,20,21,23,30,30,,
1,1,1,1,17,18,15,13,16,14,21,21,1,1,1,1,26,31,21,21,25,28,1,1,1,1,19,19,26,31,29,29,,
1,1,1,1,17,17,15,13,15,14,26,27,1,1,1,1,21,19,24,24,32,31,1,1,1,1,23,30,21,19,28,28,,
1,1,1,1,20,19,15,13,15,13,25,26,1,1,1,1,23,21,17,17,31,32,1,1,1,1,27,28,23,21,29,29,,
1,1,1,1,22,22,17,13,18,14,24,24,1,1,1,1,19,15,24,24,31,32,1,1,1,1,28,21,19,15,29,29,,
1,1,1,1,21,21,14,12,15,12,28,18,1,1,1,16,23,25,27,18,29,32,1,1,1,1,20,17,23,25,30,30,,
1,1,1,1,26,27,13,1,13,12,31,17,1,1,15,16,21,23,20,17,32,28,1,1,1,1,25,19,21,23,29,29,,
1,1,1,1,20,21,15,13,16,13,27,19,1,1,11,11,24,22,28,17,32,31,1,1,1,1,26,18,24,22,29,29,,
1,1,1,1,20,20,15,13,15,13,23,18,1,1,11,12,24,24,22,17,29,30,1,1,1,1,28,19,24,27,31,31,,
1,1,1,1,23,23,13,11,13,11,21,18,1,1,16,15,25,29,20,17,32,31,1,1,1,1,22,19,25,29,27,27,,
1,1,1,1,20,20,15,12,16,12,28,18,1,1,1,14,23,26,22,18,29,30,1,1,1,1,25,17,23,26,31,31,,
1,1,1,1,31,31,14,12,14,12,21,20,1,1,11,16,27,29,21,19,23,26,1,1,1,1,18,17,27,29,24,24,,
1,1,1,1,31,31,14,12,14,14,26,17,1,1,1,13,20,20,25,17,27,28,1,1,1,1,24,19,20,20,29,29,,
1,1,1,1,21,21,15,13,15,14,26,18,1,1,11,11,27,23,25,18,29,30,1,1,1,1,20,17,27,23,31,31,,
1,1,1,1,24,23,15,13,15,13,22,17,1,1,11,12,25,27,19,17,29,30,1,1,1,1,21,20,25,27,31,31,,
1,1,1,1,24,22,1,1,1,1,17,15,1,1,19,20,27,25,17,15,29,30,1,1,1,1,23,21,27,25,31,31,,
1,1,1,1,23,21,13,1,13,1,17,15,1,1,20,19,25,27,17,15,30,29,1,1,1,1,24,22,25,27,31,31,,
1,1,1,1,24,23,11,11,11,11,17,15,1,1,19,20,25,25,17,15,31,32,1,1,1,1,22,21,25,25,29,29,,
1,1,1,1,22,21,12,1,12,12,15,15,1,1,19,20,25,27,15,15,29,30,1,1,1,1,24,23,25,27,31,31,,
1,1,1,1,22,23,11,11,11,11,19,16,1,1,15,18,25,25,19,16,29,30,1,1,1,1,24,21,25,25,31,31,,
1,1,1,1,23,21,11,11,14,11,17,15,1,1,19,20,27,25,17,15,29,29,1,1,1,1,24,22,27,25,31,31,,
1,1,1,1,24,21,13,1,13,13,19,17,1,1,1,16,25,27,19,17,29,30,1,1,1,1,23,22,25,27,31,31,,
1,1,1,1,24,21,1,1,16,1,14,17,1,1,19,20,29,31,14,17,25,26,1,1,1,1,22,23,29,31,27,27,,
1,1,1,1,24,23,1,1,16,1,17,14,1,1,19,20,26,28,17,14,29,29,1,1,1,1,21,22,26,25,31,31,,
1,1,1,1,23,21,1,1,1,1,19,15,1,1,17,18,29,31,19,15,27,28,1,1,1,1,24,22,29,31,25,25,,
1,1,1,1,19,19,17,13,18,13,25,25,1,1,1,1,21,23,25,25,25,25,1,1,1,1,15,15,21,23,25,25,,
1,1,1,1,23,23,15,13,22,13,25,25,1,1,1,1,18,18,25,25,25,25,1,1,1,1,16,16,18,18,25,25,,
1,1,1,1,16,16,19,13,20,14,25,25,1,1,1,1,21,21,25,25,25,25,1,1,1,1,18,15,21,21,25,25,,
1,1,1,1,21,21,23,13,23,14,25,25,1,1,1,1,15,15,27,27,31,31,1,1,1,1,15,15,15,15,29,29,,
1,1,1,1,17,17,15,13,16,14,21,21,1,1,1,1,21,21,21,21,21,21,1,1,1,1,19,19,21,21,21,21,,
1,1,1,1,23,23,15,13,16,13,29,29,1,1,1,1,19,19,29,29,28,27,1,1,1,1,17,17,19,19,25,25,,
1,1,1,1,17,17,15,13,16,14,25,25,1,1,1,1,19,19,25,25,25,25,1,1,1,1,19,19,19,19,25,25,,
1,1,1,1,23,23,15,13,22,14,25,25,1,1,1,1,16,16,25,25,25,25,1,1,1,1,16,16,16,16,25,25,,
1,1,1,1,19,19,27,13,27,14,31,31,1,1,1,1,21,23,15,15,29,29,1,1,1,1,17,17,21,23,25,25,,
1,1,1,1,23,23,15,13,16,14,27,27,1,1,1,1,17,17,25,25,29,29,1,1,1,1,17,17,17,17,31,31,,
1,1,1,1,19,19,15,13,15,14,26,26,1,1,1,1,21,17,24,24,23,29,1,1,1,1,32,28,21,17,30,30,,
1,1,1,1,22,22,15,13,16,14,20,20,1,1,1,1,24,24,17,17,29,29,1,1,1,1,19,28,24,24,29,29,,
1,1,1,1,27,27,15,13,16,13,17,17,1,1,1,1,17,17,17,17,29,29,1,1,1,1,26,25,17,17,29,29,,
1,1,1,1,17,17,15,13,15,13,19,19,1,1,1,1,19,19,19,19,19,19,1,1,1,1,32,31,19,19,19,19,,
1,1,1,1,17,17,15,13,16,14,25,25,1,1,1,1,19,19,25,25,25,25,1,1,1,1,24,23,19,19,25,25,,
1,1,1,1,17,17,15,14,16,13,30,30,1,1,1,1,25,25,19,19,24,21,1,1,1,1,30,29,25,25,22,22,,
1,1,1,1,18,18,15,13,16,13,26,26,1,1,1,1,20,22,24,24,28,28,1,1,1,1,28,17,20,22,28,28,,
1,1,1,1,27,27,15,13,15,14,31,31,1,1,1,1,19,19,29,29,19,19,1,1,1,1,17,17,19,19,19,19,,
1,1,1,1,21,21,15,13,16,13,17,17,1,1,1,1,26,26,19,19,32,31,1,1,1,1,26,23,26,26,24,24,,
1,1,1,1,17,17,15,13,16,14,31,31,1,1,1,1,20,22,29,29,27,28,1,1,1,1,19,24,20,22,25,25,,
1,1,1,1,22,22,13,11,14,11,24,18,1,1,16,15,25,25,20,18,29,29,1,1,1,1,21,17,25,25,31,31,,
1,1,1,1,27,27,15,1,16,14,21,17,1,1,1,1,23,23,21,17,29,29,1,1,1,1,20,19,23,23,31,31,,
1,1,1,1,31,31,1,1,1,1,21,18,1,1,16,15,23,23,21,18,27,30,1,1,1,1,20,17,23,23,28,28,,
1,1,1,1,23,23,14,12,14,12,21,17,1,1,1,16,25,25,21,17,29,29,1,1,1,1,20,19,25,25,31,31,,
1,1,1,1,23,23,13,11,13,12,20,17,1,1,15,16,25,25,20,17,25,25,1,1,1,1,22,19,25,25,25,25,,
1,1,1,1,23,23,13,11,13,11,21,17,1,1,15,16,25,25,21,17,29,29,1,1,1,1,20,19,25,25,29,29,,
1,1,1,1,31,31,12,12,15,12,21,17,1,1,1,16,23,25,21,17,28,27,1,1,1,1,20,19,23,25,29,29,,
1,1,1,1,27,27,11,11,11,11,21,18,1,1,16,15,23,23,21,18,29,29,1,1,1,1,20,17,23,23,29,29,,
1,1,1,1,29,29,15,13,15,13,21,18,1,1,1,1,25,25,21,18,23,24,1,1,1,1,20,17,25,25,31,31,,
1,1,1,1,23,23,13,11,13,11,21,18,1,1,15,16,27,25,21,18,29,29,1,1,1,1,20,17,27,25,29,29,,
1,1,1,1,24,23,1,1,1,1,17,19,1,1,15,16,29,25,17,19,27,28,1,1,1,1,22,21,29,25,31,31,,
1,1,1,1,24,23,1,1,1,1,19,17,1,1,15,16,25,28,19,17,27,30,1,1,1,1,22,21,25,28,31,31,,
1,1,1,1,23,21,13,1,13,1,18,15,1,1,17,20,29,29,18,15,27,27,1,1,1,1,24,22,29,29,25,25,,
1,1,1,1,23,23,11,11,11,11,17,15,1,1,19,20,25,25,17,15,29,29,1,1,1,1,22,21,25,25,31,31,,
1,1,1,1,22,21,1,1,1,1,17,15,1,1,19,19,25,25,17,15,29,30,1,1,1,1,24,23,25,25,31,31,,
1,1,1,1,24,23,11,11,11,11,17,15,1,1,20,19,25,25,17,15,29,29,1,1,1,1,21,22,25,25,29,29,,
1,1,1,1,28,23,1,1,1,1,17,15,1,1,19,20,24,24,17,15,29,29,1,1,1,1,22,21,24,24,31,31,,
1,1,1,1,24,23,1,1,14,1,19,17,1,1,15,16,27,25,19,17,29,29,1,1,1,1,22,21,27,25,29,29,,
1,1,1,1,24,23,1,1,1,1,17,15,1,1,19,20,25,25,17,15,25,25,1,1,1,1,22,21,25,25,25,25,,
1,1,1,1,24,23,1,1,1,1,19,15,1,1,18,17,25,25,19,15,25,25,1,1,1,1,22,21,25,25,31,31,,
26,24,13,13,15,15,17,17,17,17,9,9,21,21,3,3,7,7,5,5,32,31,11,11,27,27,25,23,1,1,29,29,,
17,19,16,12,9,8,13,6,13,6,18,4,20,15,21,21,10,10,5,3,32,31,23,23,29,29,25,26,1,1,27,27,,
21,21,20,17,23,23,13,13,15,15,7,7,28,27,9,9,11,11,1,1,32,31,3,3,25,25,18,18,3,3,29,29,,
6,6,3,3,16,18,20,27,19,27,17,15,1,1,12,5,22,25,14,11,32,31,13,10,8,8,24,21,22,25,29,29,,
23,23,11,11,13,13,1,1,1,1,15,15,6,5,17,17,19,19,7,7,32,31,25,25,27,27,21,21,9,9,29,29,,
23,24,11,13,12,16,4,8,4,8,7,6,1,2,25,26,17,17,3,10,32,31,27,27,30,29,19,20,14,14,21,21,,
23,23,9,9,11,11,5,5,3,3,13,13,7,7,27,27,17,17,1,1,32,31,29,29,19,19,21,21,15,15,25,25,,
21,21,3,3,10,17,19,11,19,11,18,16,1,1,9,13,7,14,5,5,32,31,25,23,27,27,24,26,8,14,29,29,,
16,22,13,17,26,21,7,1,7,1,23,5,20,9,29,30,14,14,3,4,32,31,27,27,25,6,24,12,10,10,18,18,,
27,27,3,3,8,24,6,15,6,15,18,17,1,1,9,5,19,22,11,10,32,31,21,14,12,12,25,26,19,22,29,29,,
28,28,23,23,6,3,8,4,11,4,22,12,9,9,18,7,15,13,2,1,32,31,21,30,26,26,20,25,19,13,16,16,,
28,22,13,13,3,10,8,4,8,4,6,6,11,11,16,15,25,17,2,1,32,31,29,19,20,20,27,30,25,17,23,23,,
21,21,7,7,13,10,1,11,1,11,18,14,3,3,15,9,25,16,6,5,32,31,30,19,27,27,20,29,25,16,23,23,,
25,17,18,1,19,9,7,4,7,12,14,13,21,21,26,15,5,5,10,10,32,31,20,16,23,24,27,28,2,2,29,29,,
24,23,9,9,8,7,1,1,1,1,19,11,17,17,26,22,14,14,6,5,32,31,28,27,25,20,21,16,12,12,29,29,,
18,25,8,10,11,12,5,7,5,9,17,15,26,24,16,21,13,13,4,3,32,31,27,28,22,20,19,23,1,1,29,29,,
23,26,2,5,1,3,9,7,9,7,13,6,21,21,19,12,17,17,4,11,32,31,27,25,24,28,16,20,14,14,29,29,,
27,24,18,12,13,11,14,9,14,9,4,3,16,16,7,7,21,21,2,1,32,31,19,23,26,30,25,20,5,5,28,28,,
12,16,4,3,4,6,19,9,19,9,14,15,22,21,11,13,17,17,2,1,32,31,27,30,28,28,23,23,7,7,25,25,,
19,19,2,2,23,24,8,1,5,4,14,15,6,6,26,13,17,11,9,10,32,31,27,16,21,21,30,25,17,11,28,28,,
10,16,2,2,9,5,19,15,26,4,22,6,14,11,13,17,27,24,1,7,32,18,31,23,20,20,12,8,28,24,29,29,,
27,24,2,5,7,8,9,11,9,13,6,3,26,32,12,14,20,16,3,1,28,30,29,31,23,25,19,15,16,16,21,21,,
15,15,4,5,17,13,10,3,14,8,22,21,1,1,9,18,27,23,6,6,29,32,20,19,11,11,31,30,28,23,25,25,,
25,29,20,7,17,8,1,16,1,15,21,13,18,18,6,4,11,11,3,5,26,27,30,30,32,28,14,24,9,9,22,22,,
17,16,4,4,29,24,13,6,11,9,22,23,1,2,3,18,27,20,7,8,32,19,10,12,14,14,30,30,27,20,25,25,,
22,23,7,2,4,5,9,10,6,10,8,1,21,16,19,24,12,12,17,3,32,27,20,18,26,31,28,25,12,12,29,29,,
24,27,9,3,22,8,7,4,5,6,1,2,23,30,12,12,17,14,10,11,29,28,31,32,20,20,18,18,14,14,25,25,,
24,29,14,19,3,12,5,2,6,1,9,13,30,30,18,17,15,10,4,11,22,32,21,16,23,20,27,28,7,7,25,25,,
10,10,4,3,9,5,16,19,20,24,21,18,1,1,17,8,14,25,7,6,28,32,12,13,22,22,29,27,14,25,30,30,,
19,24,5,13,6,11,8,9,10,2,4,1,22,21,18,7,14,14,12,3,26,25,27,28,29,29,23,20,14,14,31,31,,
16,25,27,14,20,18,2,5,3,1,17,6,31,31,13,12,8,8,4,7,21,22,30,23,19,15,26,24,8,8,28,28,,
17,17,13,13,12,6,5,10,4,2,7,8,27,28,11,9,20,21,3,1,30,29,25,25,15,15,32,31,19,21,23,23,,
25,26,18,23,13,8,3,4,9,14,15,22,19,17,2,1,12,6,5,10,16,24,27,27,20,20,29,30,11,6,31,31,,
28,20,9,18,7,12,4,3,1,1,8,11,27,29,13,10,14,14,6,5,19,32,23,26,21,22,25,24,14,14,30,30,,
28,23,16,13,8,7,10,9,4,5,6,3,24,17,25,19,14,14,1,2,27,18,22,20,29,30,26,21,11,11,31,31,,
21,22,18,17,7,10,4,5,9,1,3,2,15,15,8,11,23,25,14,6,27,29,19,19,12,12,28,30,23,25,31,31,,
25,25,16,17,9,18,15,7,4,8,13,11,5,5,14,10,20,21,1,12,30,27,28,28,2,2,19,23,24,21,31,31,,
28,24,17,18,15,12,13,5,2,14,23,16,19,19,3,4,8,8,21,1,27,25,10,10,30,29,26,22,6,6,31,31,,
27,24,10,9,11,11,1,3,5,6,8,7,21,14,22,13,15,15,4,2,23,30,19,19,28,28,26,25,15,15,31,31,,
27,27,19,19,6,6,8,13,14,1,11,12,21,22,9,10,23,3,5,2,15,16,29,29,31,31,25,26,24,3,17,17,,
1,1,1,1,26,26,15,13,15,13,19,20,1,1,1,1,17,25,23,23,32,31,1,1,1,1,21,28,17,22,29,29,,
1,1,1,1,13,13,25,25,25,25,22,22,1,1,1,1,15,17,20,19,31,32,1,1,1,1,24,21,15,17,29,29,,
1,1,1,1,19,18,27,25,27,25,23,23,1,1,1,1,13,15,21,21,32,31,1,1,1,1,17,20,13,15,29,29,,
1,1,1,1,13,14,23,25,23,25,28,27,1,1,1,1,15,17,21,21,32,31,1,1,1,1,19,20,16,17,29,29,,
8,8,1,1,14,16,27,25,27,25,23,23,1,1,6,6,18,15,21,21,32,31,12,5,8,8,13,17,18,20,29,29,,
1,1,1,1,16,13,23,23,23,23,27,27,1,1,1,1,18,21,19,19,32,31,1,1,1,1,14,15,17,21,29,29,,
1,1,1,1,17,18,25,25,25,25,16,14,1,1,1,1,21,23,15,13,32,31,1,1,1,1,20,19,21,23,29,29,,
1,1,1,1,14,13,25,25,25,25,20,20,1,1,1,1,18,22,15,15,32,31,1,1,1,1,17,24,18,22,29,29,,
1,1,1,1,25,25,21,20,18,19,24,27,1,1,1,1,16,17,22,23,32,31,1,1,1,1,13,28,15,14,29,29,,
1,1,1,1,26,25,21,21,21,21,20,19,1,1,1,1,14,17,27,27,32,31,1,1,1,1,13,16,14,17,29,29,,
1,1,1,1,22,22,26,15,19,16,17,18,1,1,1,1,27,29,13,13,32,31,1,1,1,1,25,24,27,29,20,20,,
1,1,1,1,13,13,22,15,28,16,26,26,1,1,1,1,18,23,21,17,32,31,1,1,1,1,20,25,18,23,29,29,,
1,1,1,1,13,14,17,16,18,15,21,21,1,1,1,1,23,25,20,19,32,31,1,1,1,1,27,28,23,25,29,29,,
9,9,3,3,17,18,27,21,26,22,15,15,1,1,5,5,23,19,13,13,32,31,8,7,11,11,25,28,23,19,29,29,,
1,1,1,1,27,30,17,13,24,14,29,31,1,1,1,1,18,20,26,25,32,28,1,1,1,1,15,16,18,20,22,22,,
5,5,1,1,27,27,23,18,23,18,15,20,1,1,7,7,13,25,16,16,32,31,7,7,11,11,29,30,14,25,21,21,,
1,1,1,1,24,23,26,19,25,19,21,21,1,1,1,1,15,13,17,17,32,31,1,1,1,1,27,28,15,13,29,29,,
1,1,1,1,25,26,23,15,20,16,17,24,1,1,1,1,18,21,13,13,32,31,1,1,1,1,27,28,18,21,29,29,,
1,1,1,1,22,21,19,26,20,25,13,14,1,1,1,1,16,23,15,18,32,31,1,1,1,1,27,28,16,23,29,29,,
1,1,1,1,14,13,27,15,27,19,21,24,1,1,1,1,25,22,17,18,32,31,1,1,1,1,16,20,25,22,29,29,,
1,1,1,1,29,20,13,11,16,11,21,18,1,1,14,14,26,23,22,17,25,28,1,1,1,1,30,19,26,23,31,31,,
11,11,1,1,24,19,15,8,16,14,18,23,1,1,5,13,21,25,17,20,28,30,6,6,9,9,29,27,21,25,31,31,,
8,8,1,1,22,23,15,13,16,13,29,18,1,1,11,12,19,25,21,17,24,27,8,1,6,6,32,28,20,25,30,30,,
1,1,1,1,24,23,14,12,14,13,20,19,1,1,11,16,27,25,18,21,32,31,1,1,1,1,22,17,27,25,29,29,,
1,1,1,1,24,20,15,12,16,14,21,22,1,1,11,13,27,25,18,19,30,29,1,1,1,1,23,17,27,26,31,31,,
1,1,1,1,22,25,15,11,16,11,19,20,1,1,13,14,23,30,17,18,29,21,1,1,1,1,32,28,23,30,26,26,,
1,1,1,1,28,27,15,12,16,14,23,18,1,1,11,13,21,24,20,17,30,29,1,1,1,1,26,19,21,24,31,31,,
1,1,1,1,21,20,15,13,16,13,23,19,1,1,1,1,24,26,22,17,29,30,1,1,1,1,28,18,24,26,31,31,,
1,1,1,1,25,24,15,13,16,14,20,17,1,1,1,12,26,22,19,18,29,32,1,1,1,1,28,21,27,22,30,30,,
1,1,1,1,21,22,15,13,16,14,20,18,1,1,11,12,30,24,19,17,28,32,1,1,1,1,29,23,30,24,26,26,,
1,1,1,1,28,22,11,11,11,11,19,16,1,1,15,18,23,26,19,16,29,30,1,1,1,1,25,21,23,26,31,31,,
1,1,1,1,24,21,12,1,12,12,19,15,1,1,17,18,27,25,19,15,29,30,1,1,1,1,23,22,27,25,31,31,,
1,1,1,1,22,21,13,11,14,11,17,14,1,1,20,19,31,29,17,14,24,25,1,1,1,1,26,23,31,29,27,27,,
1,1,1,1,22,21,13,14,16,15,19,17,1,1,1,1,29,25,19,17,27,28,1,1,1,1,23,24,29,25,31,31,,
1,1,1,1,26,21,11,11,11,11,17,15,1,1,19,20,24,22,17,15,29,32,1,1,1,1,28,27,24,22,30,30,,
1,1,1,1,23,21,12,11,12,12,17,15,1,1,19,20,27,26,17,15,30,29,1,1,1,1,24,22,27,25,31,31,,
1,1,1,1,22,21,13,11,16,12,17,14,1,1,19,20,24,26,17,14,30,29,1,1,1,1,28,23,25,26,31,31,,
1,1,1,1,22,21,12,11,12,12,17,15,1,1,20,19,24,26,17,15,30,29,1,1,1,1,28,23,24,26,31,31,,
1,1,1,1,22,21,13,11,14,12,16,18,1,1,20,15,26,32,16,18,23,28,1,1,1,1,29,25,26,24,30,30,,
1,1,1,1,23,21,1,1,13,13,17,15,1,1,20,19,28,31,17,15,25,30,1,1,1,1,24,22,28,32,26,26,,
1,1,1,1,17,15,25,20,26,21,24,23,1,1,1,1,13,18,26,26,32,29,1,1,1,1,16,22,13,18,30,30,,
1,1,1,1,13,14,27,19,27,21,23,23,1,1,1,1,15,17,23,23,32,31,1,1,1,1,20,22,15,17,29,29,,
1,1,1,1,18,18,27,17,27,20,14,16,1,1,1,1,25,22,13,15,32,31,1,1,1,1,21,24,25,22,29,29,,
1,1,1,1,29,29,27,25,28,25,23,23,1,1,1,1,16,13,19,19,31,32,1,1,1,1,16,13,16,13,21,21,,
1,1,1,1,17,17,29,19,30,20,13,13,1,1,1,1,22,22,15,15,32,31,1,1,1,1,26,21,22,22,27,27,,
1,1,1,1,13,13,23,17,23,17,25,25,1,1,1,1,15,19,27,27,31,32,1,1,1,1,22,21,15,19,29,29,,
1,1,1,1,17,17,22,13,22,14,27,27,1,1,1,1,19,15,26,25,32,31,1,1,1,1,24,21,19,15,29,29,,
1,1,1,1,13,13,23,21,28,22,26,26,1,1,1,1,18,15,24,24,32,31,1,1,1,1,20,17,19,15,29,29,,
1,1,1,1,23,23,22,13,21,13,27,25,1,1,1,1,16,19,26,28,31,31,1,1,1,1,15,18,16,19,29,29,,
1,1,1,1,14,14,27,25,27,26,23,23,1,1,1,1,16,18,21,21,31,32,1,1,1,1,13,20,16,19,29,29,,
1,1,1,1,20,19,15,13,16,14,26,26,1,1,1,1,22,24,17,17,32,31,1,1,1,1,28,21,22,24,29,29,,
1,1,1,1,22,22,16,13,15,14,29,29,1,1,1,1,17,19,27,27,32,31,1,1,1,1,21,24,17,19,25,25,,
1,1,1,1,22,21,15,13,16,13,25,25,1,1,1,1,17,19,23,23,32,31,1,1,1,1,29,30,17,19,27,27,,
1,1,1,1,17,18,15,13,16,14,25,25,1,1,1,1,19,21,27,27,32,31,1,1,1,1,23,23,19,21,29,29,,
1,1,1,1,24,23,15,13,15,13,18,18,1,1,1,1,25,27,18,18,32,29,1,1,1,1,17,22,25,27,30,30,,
1,1,1,1,18,17,15,13,15,13,26,26,1,1,1,1,19,21,28,25,32,31,1,1,1,1,24,23,19,21,29,29,,
1,1,1,1,22,21,15,13,16,13,25,25,1,1,1,1,17,19,24,23,32,31,1,1,1,1,28,27,17,19,29,29,,
1,1,1,1,22,23,15,13,16,14,24,24,1,1,1,1,27,29,20,20,32,31,1,1,1,1,19,26,27,29,17,17,,
1,1,1,1,24,23,15,13,16,14,27,27,1,1,1,1,17,19,21,21,32,31,1,1,1,1,25,26,17,19,29,29,,
1,1,1,1,17,18,15,13,15,14,27,27,1,1,1,1,21,19,27,27,32,31,1,1,1,1,24,23,21,19,25,25,,
1,1,1,1,23,26,15,13,15,13,22,18,1,1,1,1,27,24,21,18,29,30,1,1,1,1,20,17,27,24,31,31,,
1,1,1,1,20,20,14,12,14,13,26,17,1,1,1,16,22,24,28,17,30,29,1,1,1,1,27,19,22,24,31,31,,
1,1,1,1,20,20,14,12,14,13,26,18,1,1,1,16,24,27,23,17,30,29,1,1,1,1,22,19,24,27,31,31,,
1,1,1,1,21,22,13,12,16,13,28,20,1,1,1,15,25,23,27,19,29,29,1,1,1,1,18,17,25,23,31,31,,
1,1,1,1,23,22,14,12,14,13,24,19,1,1,1,16,25,27,20,17,29,30,1,1,1,1,21,18,25,27,31,31,,
1,1,1,1,21,22,14,11,15,12,28,20,1,1,13,16,25,23,27,19,31,32,1,1,1,1,18,17,25,23,29,29,,
1,1,1,1,20,20,14,12,14,13,23,18,1,1,11,16,26,24,22,18,29,30,1,1,1,1,28,17,26,24,31,31,,
1,1,1,1,20,21,14,11,15,11,28,17,1,1,13,16,24,22,27,17,31,32,1,1,1,1,26,19,24,22,29,29,,
1,1,1,1,21,21,13,11,15,12,23,17,1,1,14,16,25,27,23,17,29,30,1,1,1,1,20,19,25,27,31,31,,
1,1,1,1,21,23,13,1,13,1,28,17,1,1,15,16,26,24,20,18,31,32,1,1,1,1,22,19,26,24,29,29,,
1,1,1,1,24,22,13,1,13,1,17,15,1,1,20,19,27,25,17,15,29,30,1,1,1,1,23,21,27,25,31,31,,
1,1,1,1,24,23,13,11,13,11,18,15,1,1,20,17,25,27,18,15,31,32,1,1,1,1,22,21,25,27,29,29,,
1,1,1,1,24,23,15,1,16,1,17,13,1,1,19,20,27,25,17,13,29,32,1,1,1,1,22,21,27,25,30,30,,
1,1,1,1,23,22,1,1,1,1,17,15,1,1,19,20,25,27,17,15,30,29,1,1,1,1,24,21,25,27,31,31,,
1,1,1,1,24,22,14,11,13,11,18,15,1,1,20,17,27,25,18,15,31,32,1,1,1,1,23,21,27,25,29,29,,
1,1,1,1,24,22,13,1,13,12,19,15,1,1,17,18,31,29,19,15,25,26,1,1,1,1,23,21,31,29,27,27,,
1,1,1,1,24,23,1,1,1,1,19,15,1,1,18,17,27,29,19,15,31,32,1,1,1,1,21,22,27,29,25,25,,
1,1,1,1,24,22,13,1,13,1,18,15,1,1,17,20,25,27,18,15,32,29,1,1,1,1,23,21,25,27,30,30,,
1,1,1,1,21,24,11,11,11,11,17,15,1,1,19,20,27,25,17,15,29,32,1,1,1,1,23,22,27,25,30,30,,
1,1,1,1,24,21,12,11,12,12,17,15,1,1,20,19,25,27,17,15,29,30,1,1,1,1,22,23,25,27,31,31,,
1,1,1,1,17,17,15,13,15,14,29,29,1,1,1,1,19,19,25,25,32,31,1,1,1,1,19,24,19,19,27,27,,
1,1,1,1,18,18,15,13,15,13,25,25,1,1,1,1,20,20,25,25,25,25,1,1,1,1,20,17,20,20,25,25,,
1,1,1,1,23,23,15,13,15,14,25,25,1,1,1,1,21,19,25,25,25,25,1,1,1,1,17,17,21,19,25,25,,
1,1,1,1,23,23,15,13,16,14,29,29,1,1,1,1,19,19,25,25,31,32,1,1,1,1,17,18,19,19,27,27,,
1,1,1,1,19,19,15,13,16,14,25,25,1,1,1,1,21,21,25,25,25,25,1,1,1,1,17,17,21,21,25,25,,
1,1,1,1,17,17,15,13,16,14,25,25,1,1,1,1,21,21,25,25,25,25,1,1,1,1,20,19,21,21,25,25,,
1,1,1,1,17,17,15,13,16,14,25,25,1,1,1,1,19,19,25,25,25,25,1,1,1,1,19,19,19,19,25,25,,
1,1,1,1,17,17,15,13,16,13,27,27,1,1,1,1,23,21,25,25,29,32,1,1,1,1,19,19,23,21,30,30,,
1,1,1,1,19,19,15,13,15,14,25,25,1,1,1,1,27,27,17,17,31,21,1,1,1,1,24,32,27,27,22,22,,
1,1,1,1,19,19,15,13,15,14,25,25,1,1,1,1,21,21,25,25,31,32,1,1,1,1,17,17,21,21,29,29,,
1,1,1,1,17,17,15,13,16,14,25,25,1,1,1,1,25,25,21,21,23,24,1,1,1,1,19,20,25,25,31,31,,
1,1,1,1,18,18,15,13,15,14,25,25,1,1,1,1,20,20,25,25,29,29,1,1,1,1,20,17,20,20,29,29,,
1,1,1,1,19,19,15,13,16,14,25,25,1,1,1,1,21,21,25,25,25,25,1,1,1,1,17,18,21,21,25,25,,
1,1,1,1,17,17,15,13,15,14,31,31,1,1,1,1,19,21,23,23,25,26,1,1,1,1,28,27,19,21,29,29,,
1,1,1,1,21,21,15,13,16,13,25,25,1,1,1,1,19,17,25,25,29,29,1,1,1,1,24,23,19,17,29,29,,
1,1,1,1,17,17,15,13,15,13,20,20,1,1,1,1,20,20,20,20,20,20,1,1,1,1,20,19,20,20,20,20,,
1,1,1,1,17,17,15,13,16,13,30,30,1,1,1,1,21,23,19,19,29,25,1,1,1,1,32,28,21,23,26,26,,
1,1,1,1,18,18,15,13,15,13,31,31,1,1,1,1,24,24,20,20,23,22,1,1,1,1,24,17,24,24,29,29,,
1,1,1,1,18,18,15,13,15,13,25,25,1,1,1,1,21,21,25,25,29,29,1,1,1,1,17,20,21,21,29,29,,
1,1,1,1,22,22,15,13,16,13,25,25,1,1,1,1,17,17,25,25,25,25,1,1,1,1,24,21,17,17,25,25,,
1,1,1,1,21,21,11,11,11,11,23,18,1,1,15,16,27,25,23,18,30,29,1,1,1,1,20,17,27,25,31,31,,
1,1,1,1,25,25,12,1,14,13,21,18,1,1,15,16,27,23,21,18,29,29,1,1,1,1,20,17,27,23,29,29,,
1,1,1,1,26,26,13,11,13,11,28,17,1,1,15,16,21,23,25,17,29,30,1,1,1,1,20,19,21,23,31,31,,
1,1,1,1,27,27,1,1,14,1,25,17,1,1,15,16,23,21,25,17,30,29,1,1,1,1,20,19,23,21,31,31,,
1,1,1,1,27,27,11,11,11,11,25,18,1,1,16,15,21,23,25,18,30,29,1,1,1,1,20,17,21,23,31,31,,
1,1,1,1,23,23,13,1,13,1,21,17,1,1,15,16,25,27,21,17,29,29,1,1,1,1,20,19,25,27,29,29,,
1,1,1,1,23,23,11,13,11,13,21,18,1,1,15,16,25,25,21,18,29,30,1,1,1,1,20,17,25,25,31,31,,
1,1,1,1,22,22,13,11,15,11,24,18,1,1,14,16,29,29,24,18,21,26,1,1,1,1,20,17,29,29,27,27,,
1,1,1,1,23,23,13,11,13,11,21,18,1,1,16,15,25,25,21,18,29,30,1,1,1,1,20,17,25,25,31,31,,
1,1,1,1,27,27,13,1,13,1,21,18,1,1,15,16,23,25,21,18,29,29,1,1,1,1,20,17,23,25,29,29,,
1,1,1,1,24,23,1,1,1,1,15,15,1,1,19,20,25,27,15,15,29,29,1,1,1,1,22,21,25,27,31,31,,
1,1,1,1,30,24,12,1,12,12,18,15,1,1,17,20,25,27,18,15,23,29,1,1,1,1,22,21,25,27,31,31,,
1,1,1,1,28,23,1,1,1,1,18,15,1,1,17,20,26,24,18,15,29,29,1,1,1,1,21,22,26,24,31,31,,
1,1,1,1,24,23,11,11,11,11,17,15,1,1,20,19,27,25,17,15,29,29,1,1,1,1,21,22,27,25,29,29,,
1,1,1,1,24,23,1,1,1,1,18,16,1,1,20,15,27,27,18,16,25,26,1,1,1,1,22,21,27,27,31,31,,
1,1,1,1,24,23,1,1,1,1,17,15,1,1,20,19,25,25,17,15,29,29,1,1,1,1,22,21,25,25,29,29,,
1,1,1,1,24,23,1,1,1,1,15,17,1,1,19,20,25,27,15,17,32,31,1,1,1,1,22,21,25,27,29,29,,
1,1,1,1,24,23,1,1,1,1,17,15,1,1,20,19,25,25,17,15,29,29,1,1,1,1,22,21,25,25,31,31,,
1,1,1,1,24,23,1,1,1,1,19,16,1,1,15,18,25,25,19,16,25,25,1,1,1,1,21,22,25,25,25,25,,
1,1,1,1,24,23,1,1,1,1,17,15,1,1,19,20,25,25,17,15,29,29,1,1,1,1,22,21,25,25,31,31,,
25,26,17,17,10,23,6,4,6,4,24,19,8,8,1,16,14,11,13,28,32,31,3,2,21,21,20,27,15,11,29,29,,
8,8,1,1,22,23,13,15,13,15,20,21,1,1,5,5,24,26,17,17,32,31,12,7,10,10,19,28,24,26,29,29,,
10,10,1,1,17,18,5,5,5,5,24,29,3,3,14,9,28,26,19,19,32,31,16,15,12,12,23,30,25,26,21,21,,
23,22,9,9,13,14,6,6,4,6,11,12,1,1,16,15,27,19,3,5,32,31,18,17,24,24,28,21,26,20,29,29,,
14,14,2,2,17,9,16,10,20,10,23,22,4,4,6,1,12,21,7,7,32,31,18,24,27,27,26,25,12,19,29,29,,
7,7,1,1,17,18,24,24,22,22,15,28,3,3,6,5,26,19,11,11,32,31,9,10,13,13,21,16,26,19,29,29,,
21,21,6,6,14,1,2,2,2,2,10,11,12,12,16,15,23,27,9,8,32,31,19,17,25,25,20,18,23,27,29,29,,
28,25,8,8,16,7,12,12,12,12,10,10,5,5,19,19,17,17,1,1,32,31,29,29,23,23,21,21,3,3,26,26,,
19,19,9,9,13,13,3,3,3,3,7,7,11,11,21,21,17,17,1,1,32,31,25,25,23,23,27,27,15,15,29,29,,
20,20,3,3,11,18,9,7,9,6,16,17,1,1,5,8,26,30,13,12,32,31,22,19,14,14,24,23,25,29,27,27,,
22,19,2,5,7,10,15,11,15,11,18,13,1,3,20,20,17,14,4,6,32,31,29,30,25,25,24,23,8,8,27,27,,
15,17,8,12,1,13,7,3,5,3,9,10,14,11,29,25,23,23,6,2,32,31,28,30,16,20,18,19,21,21,26,26,,
22,23,4,4,27,9,12,1,12,1,14,18,7,7,3,6,15,20,10,11,32,31,19,17,24,24,26,28,15,20,29,29,,
18,18,3,3,16,6,8,9,5,9,15,13,1,1,12,14,25,27,11,7,32,31,21,17,22,22,20,24,25,27,29,29,,
21,24,13,11,12,14,9,7,9,7,6,3,16,20,22,23,18,15,1,2,32,31,26,27,25,30,19,17,4,4,28,28,,
25,20,13,5,12,14,10,6,10,7,4,3,18,18,21,15,22,17,2,1,32,31,26,24,27,28,16,23,8,8,29,29,,
20,20,3,3,19,12,5,10,5,10,17,22,1,1,8,7,25,27,14,9,32,31,18,13,15,15,23,24,25,27,29,29,,
28,21,9,12,10,11,5,5,5,5,4,3,14,15,25,19,13,20,2,1,32,31,26,26,23,23,18,22,16,16,29,29,,
16,16,1,1,24,21,10,10,10,10,18,9,3,3,5,7,22,25,6,8,32,31,14,15,19,19,27,28,22,25,29,29,,
13,13,3,3,17,18,15,5,15,5,22,21,1,1,8,7,23,25,11,11,32,31,19,20,9,9,27,26,23,28,29,29,,
8,8,1,1,21,23,11,10,16,14,20,17,3,3,15,7,24,30,13,12,22,32,19,18,5,5,27,26,24,30,28,28,,
26,28,10,5,11,13,6,1,6,1,8,3,15,27,14,12,24,23,9,4,29,32,30,31,25,16,22,17,20,20,18,18,,
18,15,6,5,12,11,9,8,9,7,2,4,30,32,14,13,16,16,3,1,26,31,29,28,25,27,23,24,19,19,21,21,,
32,31,11,12,9,8,10,2,6,3,5,4,21,20,28,17,13,13,7,1,24,30,26,26,25,29,22,23,13,13,18,18,,
13,14,8,8,16,19,12,18,15,17,28,24,1,1,20,7,22,29,6,3,32,31,10,11,4,4,27,21,22,29,25,25,,
17,17,9,9,2,4,20,12,16,11,21,22,6,6,8,5,29,31,1,3,28,19,24,15,13,13,23,25,29,31,26,26,,
20,20,10,10,17,12,13,1,13,2,6,3,4,4,16,18,29,22,8,7,32,31,15,9,25,25,24,19,29,22,27,27,,
30,26,3,1,11,5,7,9,7,6,10,12,19,19,13,14,18,17,4,2,25,29,32,31,21,22,27,28,15,15,23,23,,
30,21,18,16,11,15,13,4,12,5,6,3,22,22,14,17,7,7,2,1,24,28,19,20,29,26,27,25,7,7,31,31,,
26,16,12,11,8,3,9,7,2,1,10,6,30,32,13,14,15,17,4,5,27,31,28,29,18,21,23,22,19,19,24,24,,
17,18,20,19,6,6,5,15,2,16,3,3,31,32,9,9,11,11,8,1,21,22,29,29,25,25,27,28,11,11,23,23,,
20,22,15,21,13,14,2,11,3,4,6,12,27,28,23,16,9,9,1,5,19,24,31,31,17,18,26,25,7,7,29,29,,
24,23,20,16,15,8,2,7,3,1,14,17,18,18,4,4,9,9,13,6,25,26,22,21,31,31,28,27,9,9,29,29,,
7,14,22,19,6,21,12,4,1,2,13,17,24,23,16,20,8,8,3,5,27,29,18,15,26,25,28,30,8,8,31,31,,
25,26,22,22,17,16,3,3,2,11,13,14,20,20,12,8,9,5,7,1,18,15,27,28,29,29,19,24,9,5,31,31,,
25,29,7,6,16,14,4,8,3,5,17,15,1,1,11,9,20,18,10,13,12,24,23,22,26,26,30,28,20,18,31,31,,
20,26,8,8,14,13,2,1,3,3,12,6,30,29,11,10,17,17,5,7,21,19,31,31,22,22,27,28,15,15,24,24,,
10,20,19,18,17,8,6,5,4,3,21,9,31,31,7,14,15,15,1,2,11,24,30,29,25,26,22,23,12,12,27,27,,
15,20,24,21,14,4,5,2,7,1,12,6,27,25,19,13,8,8,18,3,23,26,16,17,30,22,29,28,8,8,31,31,,
16,20,24,23,15,5,1,2,12,3,17,7,10,10,6,4,28,18,14,13,31,32,25,26,8,8,30,27,28,18,21,21,,
1,1,1,1,17,17,24,20,24,26,15,15,1,1,1,1,21,28,13,13,32,31,1,1,1,1,23,19,22,27,29,29,,
1,1,1,1,14,13,20,28,20,20,16,16,1,1,1,1,25,19,23,23,32,31,1,1,1,1,27,15,25,18,29,29,,
1,1,1,1,14,13,22,22,22,22,27,28,1,1,1,1,18,19,16,16,32,31,1,1,1,1,21,26,15,19,29,29,,
1,1,1,1,13,14,24,21,24,21,18,17,1,1,1,1,19,28,16,15,32,31,1,1,1,1,26,23,19,27,29,29,,
1,1,1,1,14,13,23,26,23,26,29,30,1,1,1,1,21,25,15,15,32,31,1,1,1,1,20,19,21,28,17,17,,
1,1,1,1,17,18,21,22,22,22,15,15,1,1,1,1,19,27,13,13,32,31,1,1,1,1,25,26,19,27,29,29,,
1,1,1,1,15,18,22,21,22,22,20,19,1,1,1,1,27,26,13,13,32,31,1,1,1,1,29,30,27,25,16,16,,
1,1,1,1,18,17,29,27,29,28,25,25,1,1,1,1,20,23,13,14,32,31,1,1,1,1,22,19,20,23,15,15,,
1,1,1,1,16,15,21,21,19,19,17,18,1,1,1,1,23,26,13,13,32,31,1,1,1,1,28,25,23,26,29,29,,
1,1,1,1,28,24,29,26,29,26,13,13,1,1,1,1,17,21,15,15,32,31,1,1,1,1,25,23,17,21,19,19,,
1,1,1,1,15,17,16,13,18,14,27,28,1,1,1,1,19,21,26,25,32,31,1,1,1,1,24,23,19,21,29,29,,
1,1,1,1,20,18,14,13,15,16,21,21,1,1,1,1,26,24,17,19,32,31,1,1,1,1,28,23,26,24,29,29,,
1,1,1,1,16,15,17,13,17,14,28,27,1,1,1,1,21,23,19,19,32,31,1,1,1,1,26,25,21,23,29,29,,
1,1,1,1,13,13,23,15,24,16,25,25,1,1,1,1,17,21,19,19,32,31,1,1,1,1,29,30,17,21,27,27,,
1,1,1,1,17,17,15,13,16,14,26,23,1,1,1,1,20,21,25,24,32,31,1,1,1,1,27,28,19,21,29,29,,
1,1,1,1,17,18,29,13,28,14,23,23,1,1,1,1,21,19,15,15,32,31,1,1,1,1,27,30,21,19,25,25,,
1,1,1,1,21,28,15,13,16,13,26,26,1,1,1,12,20,23,25,22,32,31,1,1,1,1,17,18,19,23,29,29,,
1,1,1,1,17,16,20,13,24,14,18,21,1,1,1,1,22,25,15,19,32,31,1,1,1,1,27,28,22,25,29,29,,
1,1,1,1,16,19,21,15,21,20,17,17,1,1,1,1,25,23,14,13,32,31,1,1,1,1,28,27,25,23,29,29,,
1,1,1,1,15,14,17,13,18,16,25,25,1,1,1,1,27,30,21,19,32,31,1,1,1,1,22,20,27,29,23,23,,
1,1,1,1,22,21,14,12,15,13,23,19,1,1,11,16,29,25,24,20,28,27,1,1,1,1,18,17,29,25,31,31,,
1,1,1,1,20,24,15,11,16,13,23,17,1,1,14,12,25,30,22,18,32,31,1,1,1,1,19,21,25,29,27,27,,
1,1,1,1,26,25,14,12,16,12,19,18,1,1,1,15,27,22,20,17,32,31,1,1,1,1,24,21,27,22,29,29,,
1,1,1,1,20,20,15,13,16,14,32,22,1,1,12,11,28,25,30,19,27,31,1,1,1,1,18,17,28,25,23,23,,
1,1,1,1,18,17,15,13,16,14,28,20,1,1,11,12,25,23,22,20,32,31,1,1,1,1,27,19,25,23,29,29,,
1,1,1,1,21,17,14,11,16,11,24,19,1,1,13,15,22,26,25,18,32,30,1,1,1,1,31,20,22,26,28,28,,
1,1,1,1,24,22,15,12,16,14,21,19,1,1,11,13,27,25,20,17,32,31,1,1,1,1,23,18,27,25,29,29,,
1,1,1,1,22,22,15,13,16,14,21,18,1,1,11,12,25,26,19,17,31,32,1,1,1,1,24,20,28,26,29,29,,
1,1,1,1,20,21,15,11,16,13,22,19,1,1,14,12,26,24,23,18,32,29,1,1,1,1,28,17,26,24,30,30,,
1,1,1,1,21,22,13,11,13,11,23,19,1,1,15,16,31,29,20,17,28,27,1,1,1,1,26,18,31,29,24,24,,
1,1,1,1,24,22,1,12,14,12,17,15,1,1,20,19,27,25,17,15,29,30,1,1,1,1,23,21,27,25,31,31,,
1,1,1,1,24,23,12,11,12,12,19,17,1,1,15,16,25,27,19,17,29,30,1,1,1,1,22,21,25,27,31,31,,
1,1,1,1,23,21,13,11,12,13,17,15,1,1,20,19,31,29,17,15,27,28,1,1,1,1,24,22,31,29,25,25,,
1,1,1,1,23,21,13,11,14,11,18,15,1,1,17,20,25,27,18,15,32,31,1,1,1,1,24,22,25,27,29,29,,
1,1,1,1,24,23,11,11,11,11,19,15,1,1,18,17,25,27,19,15,29,30,1,1,1,1,22,21,25,27,31,31,,
1,1,1,1,24,22,11,11,11,11,17,15,1,1,20,19,25,28,17,15,27,30,1,1,1,1,23,21,25,28,31,31,,
1,1,1,1,24,21,13,11,14,11,17,15,1,1,19,20,26,29,17,15,25,28,1,1,1,1,22,23,26,29,31,31,,
1,1,1,1,23,21,11,12,14,12,17,15,1,1,19,20,27,31,17,15,25,26,1,1,1,1,24,22,27,31,29,29,,
1,1,1,1,23,22,12,11,12,12,17,15,1,1,19,20,25,27,17,15,30,29,1,1,1,1,24,21,25,27,31,31,,
1,1,1,1,23,21,11,11,13,13,17,15,1,1,19,20,27,25,17,15,30,29,1,1,1,1,24,22,27,25,31,31,,
1,1,1,1,15,15,18,13,18,14,27,27,1,1,1,1,23,20,25,25,32,31,1,1,1,1,22,17,23,21,29,29,,
1,1,1,1,15,15,17,13,17,14,27,27,1,1,1,1,24,22,19,19,32,31,1,1,1,1,21,26,24,22,29,29,,
1,1,1,1,15,15,17,13,18,14,21,21,1,1,1,1,27,23,20,19,32,31,1,1,1,1,29,30,27,23,25,25,,
1,1,1,1,17,17,15,13,16,13,24,24,1,1,1,1,21,23,19,19,32,31,1,1,1,1,27,28,22,26,29,29,,
1,1,1,1,15,16,29,13,30,14,21,21,1,1,1,1,28,27,17,17,32,31,1,1,1,1,24,23,26,25,19,19,,
1,1,1,1,19,19,23,13,24,14,27,27,1,1,1,1,17,15,25,25,32,31,1,1,1,1,21,22,17,15,29,29,,
1,1,1,1,19,19,23,13,26,14,29,29,1,1,1,1,17,15,24,24,32,31,1,1,1,1,21,22,17,16,27,27,,
1,1,1,1,15,15,18,13,19,14,27,27,1,1,1,1,22,20,25,25,32,31,1,1,1,1,24,17,22,20,29,29,,
1,1,1,1,17,17,29,13,29,14,19,19,1,1,1,1,27,25,15,15,32,31,1,1,1,1,24,23,27,25,21,21,,
1,1,1,1,15,16,23,13,24,14,26,25,1,1,1,1,18,20,27,27,32,31,1,1,1,1,17,22,18,20,29,29,,
1,1,1,1,17,17,15,13,16,14,26,25,1,1,1,1,21,19,23,23,32,31,1,1,1,1,30,27,21,19,28,28,,
1,1,1,1,17,17,15,13,16,14,19,19,1,1,1,1,26,24,19,19,32,31,1,1,1,1,30,23,26,24,28,28,,
1,1,1,1,24,23,15,13,16,14,19,19,1,1,1,12,25,27,17,17,32,31,1,1,1,1,30,29,25,27,21,21,,
1,1,1,1,17,17,15,13,16,14,23,23,1,1,1,1,25,19,21,21,32,31,1,1,1,1,27,28,25,19,29,29,,
1,1,1,1,17,17,15,13,16,14,25,25,1,1,1,1,19,21,23,23,32,30,1,1,1,1,31,29,19,21,27,27,,
1,1,1,1,17,17,15,13,16,14,31,31,1,1,1,1,29,27,22,21,20,24,1,1,1,1,23,19,29,27,25,25,,
1,1,1,1,17,17,15,13,16,14,28,27,1,1,1,1,23,20,25,25,32,31,1,1,1,1,22,19,23,20,29,29,,
1,1,1,1,18,17,15,13,15,14,27,26,1,1,1,1,23,21,19,19,32,31,1,1,1,1,28,25,23,21,29,29,,
1,1,1,1,17,17,15,13,16,14,29,29,1,1,1,1,22,19,25,25,32,31,1,1,1,1,21,24,22,19,27,27,,
1,1,1,1,19,19,15,13,16,14,27,26,1,1,1,1,21,23,17,17,32,31,1,1,1,1,28,25,21,23,29,29,,
1,1,1,1,23,23,14,1,14,1,22,18,1,1,13,16,28,26,21,18,25,30,1,1,1,1,20,17,28,26,31,31,,
1,1,1,1,21,21,13,11,13,11,23,18,1,1,16,15,25,27,24,18,32,31,1,1,1,1,20,17,25,27,29,29,,
1,1,1,1,25,25,14,12,14,13,28,18,1,1,1,16,23,21,27,18,29,32,1,1,1,1,20,17,23,21,30,30,,
1,1,1,1,22,21,13,11,14,11,24,18,1,1,15,16,27,29,23,18,25,26,1,1,1,1,20,17,27,29,31,31,,
1,1,1,1,22,22,14,11,15,11,24,18,1,1,11,16,25,27,21,18,32,31,1,1,1,1,20,17,25,27,29,29,,
1,1,1,1,23,23,13,11,14,11,28,18,1,1,16,15,29,29,27,18,22,21,1,1,1,1,20,17,29,29,25,25,,
1,1,1,1,23,26,14,12,15,12,21,18,1,1,16,11,24,27,21,18,29,30,1,1,1,1,20,17,24,27,31,31,,
1,1,1,1,23,23,13,11,13,11,22,18,1,1,15,16,25,27,21,18,29,32,1,1,1,1,20,17,25,27,30,30,,
1,1,1,1,25,25,13,11,13,11,30,18,1,1,15,16,23,21,29,18,27,28,1,1,1,1,20,17,23,21,31,31,,
1,1,1,1,24,22,13,11,13,11,23,18,1,1,16,15,25,27,21,18,29,30,1,1,1,1,20,17,25,27,31,31,,
1,1,1,1,32,23,13,11,14,11,17,15,1,1,19,20,30,26,17,15,24,25,1,1,1,1,22,21,30,26,28,28,,
1,1,1,1,24,23,1,1,1,1,18,15,1,1,17,20,25,27,18,15,29,32,1,1,1,1,22,21,25,27,30,30,,
1,1,1,1,24,23,12,11,12,12,19,15,1,1,17,18,27,25,19,15,29,30,1,1,1,1,22,21,27,25,31,31,,
1,1,1,1,24,23,13,1,13,1,17,15,1,1,20,19,31,29,17,15,25,26,1,1,1,1,21,22,31,29,27,27,,
1,1,1,1,24,23,1,1,1,1,17,15,1,1,20,19,27,25,17,15,29,30,1,1,1,1,21,22,27,25,31,31,,
1,1,1,1,24,22,13,1,13,1,17,15,1,1,20,19,27,25,17,15,29,30,1,1,1,1,23,21,27,25,31,31,,
1,1,1,1,24,23,1,1,1,1,17,15,1,1,19,20,25,27,17,15,31,32,1,1,1,1,22,21,25,27,29,29,,
1,1,1,1,23,22,12,1,12,12,15,17,1,1,20,19,29,31,15,17,25,26,1,1,1,1,24,21,29,31,27,27,,
1,1,1,1,24,23,1,1,1,1,18,15,1,1,20,17,27,25,18,15,29,30,1,1,1,1,22,21,27,25,31,31,,
1,1,1,1,24,23,11,11,14,11,19,15,1,1,17,18,27,25,19,15,29,30,1,1,1,1,21,22,27,25,31,31,,
1,1,1,1,19,19,15,13,16,14,23,23,1,1,1,1,23,23,17,17,32,31,1,1,1,1,23,23,23,23,21,21,,
1,1,1,1,17,17,15,13,16,14,25,25,1,1,1,1,19,19,25,25,25,25,1,1,1,1,23,23,19,19,25,25,,
1,1,1,1,17,17,15,13,16,14,19,19,1,1,1,1,19,19,19,19,19,19,1,1,1,1,19,19,19,19,19,19,,
1,1,1,1,23,23,15,13,16,14,25,25,1,1,1,1,21,19,25,25,25,25,1,1,1,1,17,17,21,19,25,25,,
1,1,1,1,19,19,15,13,16,14,29,29,1,1,1,1,23,25,17,17,28,27,1,1,1,1,29,29,23,25,21,21,,
1,1,1,1,17,17,15,13,16,13,25,25,1,1,1,1,21,21,25,25,25,25,1,1,1,1,19,19,21,21,25,25,,
1,1,1,1,17,17,16,13,15,14,23,23,1,1,1,1,25,25,19,19,32,31,1,1,1,1,21,21,25,25,29,29,,
1,1,1,1,31,31,15,13,16,14,23,23,1,1,1,1,17,17,23,23,23,23,1,1,1,1,17,22,17,17,23,23,,
1,1,1,1,23,23,15,13,16,14,25,25,1,1,1,1,19,21,25,25,32,31,1,1,1,1,17,17,19,21,29,29,,
1,1,1,1,19,19,15,13,16,13,25,25,1,1,1,1,21,21,25,25,25,25,1,1,1,1,17,18,21,21,25,25,,
1,1,1,1,17,17,15,13,15,14,29,29,1,1,1,1,22,20,29,29,27,24,1,1,1,1,28,19,22,20,25,25,,
1,1,1,1,17,17,15,13,16,13,31,31,1,1,1,1,20,20,24,24,30,26,1,1,1,1,27,19,20,20,28,28,,
1,1,1,1,18,18,15,13,16,13,29,29,1,1,1,1,21,21,29,29,25,25,1,1,1,1,20,17,21,21,25,25,,
1,1,1,1,18,18,15,13,16,14,29,29,1,1,1,1,25,23,20,20,32,31,1,1,1,1,22,17,25,23,27,27,,
1,1,1,1,23,23,15,13,16,13,25,25,1,1,1,1,19,19,25,25,25,25,1,1,1,1,18,17,19,19,25,25,,
1,1,1,1,22,22,15,13,16,14,26,26,1,1,1,1,18,20,26,26,24,24,1,1,1,1,30,17,18,20,31,31,,
1,1,1,1,25,25,15,13,16,14,27,27,1,1,1,1,21,21,18,18,32,20,1,1,1,1,29,17,21,21,30,30,,
1,1,1,1,17,17,15,13,16,13,25,25,1,1,1,1,19,21,25,25,25,25,1,1,1,1,24,23,19,21,25,25,,
1,1,1,1,25,25,15,13,15,13,17,17,1,1,1,1,21,19,23,23,32,29,1,1,1,1,28,27,21,19,30,30,,
1,1,1,1,31,31,15,13,16,13,27,27,1,1,1,1,18,18,27,27,22,22,1,1,1,1,26,17,18,18,22,22,,
1,1,1,1,23,23,13,13,13,13,21,18,1,1,1,1,25,25,21,18,29,29,1,1,1,1,20,17,25,25,29,29,,
1,1,1,1,23,24,13,11,13,11,21,19,1,1,16,15,25,25,21,19,29,29,1,1,1,1,18,17,25,25,29,29,,
1,1,1,1,23,23,13,11,13,12,21,19,1,1,15,16,27,25,21,19,30,29,1,1,1,1,18,17,27,25,31,31,,
1,1,1,1,24,24,13,11,13,11,21,19,1,1,15,16,29,29,21,19,23,26,1,1,1,1,18,17,29,29,27,27,,
1,1,1,1,21,21,13,11,13,11,23,19,1,1,15,16,27,27,23,19,26,25,1,1,1,1,18,17,27,27,31,31,,
1,1,1,1,31,31,14,12,14,12,21,18,1,1,1,16,23,23,21,18,27,27,1,1,1,1,20,17,23,23,27,27,,
1,1,1,1,23,23,13,11,13,11,21,18,1,1,15,16,25,27,21,18,29,29,1,1,1,1,20,17,25,27,29,29,,
1,1,1,1,23,23,13,1,13,12,21,19,1,1,15,16,25,25,21,19,29,29,1,1,1,1,18,17,25,25,29,29,,
1,1,1,1,23,23,12,12,12,1,21,18,1,1,15,16,27,27,21,18,25,26,1,1,1,1,20,17,27,27,31,31,,
1,1,1,1,23,23,11,13,11,13,21,18,1,1,15,16,25,25,21,18,29,29,1,1,1,1,20,17,25,25,29,29,,
1,1,1,1,24,23,1,1,1,1,17,15,1,1,19,20,25,25,17,15,29,29,1,1,1,1,22,21,25,25,29,29,,
1,1,1,1,24,23,1,1,1,1,17,15,1,1,20,19,25,25,17,15,29,29,1,1,1,1,22,21,25,25,31,31,,
1,1,1,1,24,23,1,1,1,1,17,15,1,1,20,19,25,27,17,15,29,29,1,1,1,1,22,21,25,27,31,31,,
1,1,1,1,24,23,1,1,1,1,17,15,1,1,19,20,25,27,17,15,29,29,1,1,1,1,22,21,25,27,31,31,,
1,1,1,1,24,23,13,1,13,1,17,15,1,1,19,20,25,25,17,15,29,29,1,1,1,1,22,21,25,25,29,29,,
1,1,1,1,24,23,11,11,11,11,19,15,1,1,18,17,25,27,19,15,29,29,1,1,1,1,22,21,25,27,31,31,,
1,1,1,1,23,24,1,1,1,1,17,15,1,1,20,19,29,29,17,15,25,26,1,1,1,1,22,21,29,29,27,27,,
1,1,1,1,23,28,1,1,1,1,17,15,1,1,19,20,24,26,17,15,29,30,1,1,1,1,22,21,24,26,31,31,,
1,1,1,1,24,23,13,1,13,1,18,15,1,1,20,17,25,25,18,15,29,29,1,1,1,1,22,21,25,25,31,31,,
1,1,1,1,24,23,1,1,1,1,17,15,1,1,20,19,29,29,17,15,25,26,1,1,1,1,22,21,29,29,27,27,,
